Sous le regard des dieux;L'anneau de tous les dangers;;;;;;;
Réponses à tout;Sous le regard des dieux;;;;;;;
Des vestiges de légende;Transport peu commun;;;;;;;
Vu du ciel;Des vestiges de légende;;;;;;;
Champs de bataille;Mise à l'épreuve;;;;;;;
Coups d'épée dans l'eau;Champs de bataille;;;;;;;
Décime-moi des bouftous;Coups d'épée dans l'eau;;;;;;;
Chasse aux chapardams;Décime-moi des bouftous;;;;;;;
Leçon d'humilité;Chasse aux chapardams;;;;;;;
Des chafers qui marchent;Leçon d'humilité;;;;;;;
La hache et la pioche;Produits naturels;;;;;;;
Boune un jour, boune toujours;La hache et la pioche;;;;;;;
Le choix des armes;Boune un jour, boune toujours;;;;;;;
Espoirs et tragédies;Le village dans les nuages;;;;;;;
Dans la gueule du Milimilou;Espoirs et tragédies;;;;;;;
Destination Astrub;Dans la gueule du Milimilou;;;;;;;
On marche sur des œufs;Les principes d'Archie m'aident;;;;;;;
Conseil de classe;On marche sur des œufs;;;;;;;
Quête de classe;Conseil de classe;;;;;;;
Bière qui roule n'amasse pas mousse;On marche sur des œufs;;;;;;;
Déjeuner à la fourchette;Bière qui roule n'amasse pas mousse;;;;;;;
Comme un pichon hors de l'eau;Bière qui roule n'amasse pas mousse;;;;;;;
Shushu et Lulu;Scène de ménage;;;;;;;
Bien velu, c'est Kerubim;Scène de ménage;;;;;;;
Ça sent le gaz;Quête de classe;;;;;;;
Balade en forêt;Ça sent le gaz;;;;;;;
La coupe des vices;Bière qui roule n'amasse pas mousse;;;;;;;
Revenons à nos bouftons;Le tour du monde;;;;;;;
Six pieds sous terre;Ça tombe à l'eau;;;;;;;
Tel est pris qui croyait prendre;Six pieds sous terre;;;;;;;
L'histoire en mouvement;Ça sent le gaz;;;;;;;
Restauration rapide;L'histoire en mouvement;;;;;;;
De vrais rats de bibliothèque;Restauration rapide;;;;;;;
Crise sanitaire;Ça sent le gaz;;;;;;;
Livraison par intérim;Crise sanitaire;;;;;;;
Golémancien;Livraison par intérim;;;;;;;
Le rebelle de la forêt;Golémancien;;;;;;;
Légende d'automne;De vrais rats de bibliothèque;;;;;;;
Les as de la cambriole;Bière qui roule n'amasse pas mousse;;;;;;;
Donjon rikiki;Donjon en mousse;;;;;;;
Aventure miniature;Cache de Kankreblath;;;;;;;
Combat de rue;Déjeuner à la fourchette;Comme un pichon hors de l'eau;Le génie se meut;Les as de la cambriole;;;;
Le réceptacle des Dofus;Balade en forêt;Le réveil de Pandala;;;;;;
Un sage parmi les sages;Le réceptacle des Dofus;;;;;;;
Protection divine;Un sage parmi les sages;;;;;;;
Voir le Dark Vlad et mourir… ou pas;Protection divine;Un pendule pour guider ses pas;;;;;;
La magicienne des marécages;Voir le Dark Vlad et mourir… ou pas;;;;;;;
Le maître des clefs (Chafer Ronin);Revenons à nos bouftons;;;;;;;
Le maître des clefs (Batofu);Le maître des clefs (Chafer Ronin);;;;;;;
Les sbires du maître (Scarabosse Doré);Le maître des clefs (Batofu);;;;;;;
La potion de lèche-bottes;Les Dents de la Mère Verumacha;;;;;;;
Faire le mort;Le mort dort;;;;;;;
Kartier Tremai se met à table;Gros œuvre au château d'Allister;;;;;;;
Les sbires du maître (Coffre des Forgerons);Les sbires du maître (Scarabosse Doré);;;;;;;
Les sbires du maître (Bworkette);Les sbires du maître (Coffre des Forgerons);;;;;;;
Les sbires du maître (Shin Larve);Les sbires du maître (Bworkette);;;;;;;
Donjon douillet;Donjon en lambeaux;;;;;;;
Les sbires du maître (Rakoopeur);Les sbires du maître (Shin Larve);;;;;;;
Les sbires du maître (Craqueleur Légendaire);Les sbires du maître (Rakoopeur);;;;;;;
L'île des naufragés;Le nouveau monde;;;;;;;
La Potion Bulbique;L'île des naufragés;;;;;;;
Paulette Pain-bèche la boulangère;L'île des naufragés;;;;;;;
Polka Merer a besoin de vous;L'île des naufragés;;;;;;;
Donjon magistral;Donjon douillet;L'île des naufragés;;;;;;
Colonie du Magistral;L'île des naufragés;;;;;;;
Grotte Hesque;L'île des naufragés;;;;;;;
Corailleur Magistral (Hardi);L'île des naufragés;;;;;;;
Corailleur Magistral (Blitzkrieg);L'île des naufragés;;;;;;;
Corailleur Magistral (Duo);L'île des naufragés;;;;;;;
Corailleur Magistral (Spécial);L'île des naufragés;;;;;;;
La maire de glace;La terre banquise;;;;;;;
Full contact;La maire de glace;;;;;;;
Prologue;La terre banquise;;;;;;;
Un parfum de vacances;Partir un jour sans retour;;;;;;;
T'as le blop coco;Donjon magistral;;;;;;;
Blop indigo, go, go;T'as le blop coco;;;;;;;
Le blop griotte entre les repas;Blop indigo, go, go;;;;;;;
Blop de reinette sans blop d'api;Le blop griotte entre les repas;;;;;;;
Le combat des chefs;Partir un jour sans retour;;;;;;;
Bas les masques;Partir un jour sans retour;;;;;;;
T'as les boules;Partir un jour sans retour;;;;;;;
Un indigeste chez les indigènes;Un parfum de vacances;;;;;;;
Un Kanniboul versé;Blop de reinette sans blop d'api;;;;;;;
Village Kanniboul;Partir un jour sans retour;;;;;;;
Kanniboul Ebil (Zombie);Partir un jour sans retour;;;;;;;
Kanniboul Ebil (Premier);Partir un jour sans retour;;;;;;;
Kanniboul Ebil (Duo);Partir un jour sans retour;;;;;;;
Kanniboul Ebil (Spécial);Partir un jour sans retour;;;;;;;
Sauvegarder l'espèce;Intrusion chez les wabbits;;;;;;;
Faîtes l'amour, pas la guerre;Sauvegarder l'espèce;;;;;;;
Ça sent la cawotte;Faîtes l'amour, pas la guerre;;;;;;;
Il y a un os, de Wabbit;Ça sent la cawotte;;;;;;;
Art gastronomique;Il y a un os, de Wabbit;;;;;;;
Expédition culinaire;Art gastronomique;;;;;;;
Timassacre entre wabbits;Intrusion chez les wabbits;;;;;;;
Jamais deux sans trois;La magicienne des marécages;;;;;;;
Caltes stlatégiques;Intrusion chez les wabbits;;;;;;;
Le jeu de Lenald;Caltes stlatégiques;;;;;;;
Comme d'wabbitude;Timassacre entre wabbits;;;;;;;
Vade Retro Wabbitas;Comme d'wabbitude;;;;;;;
Le château du Wa;Jamais deux sans trois;;;;;;;
Le Wa Pythie;Intrusion chez les wabbits;Un Kanniboul versé;;;;;;
Château du Wa Wabbit;Intrusion chez les wabbits;;;;;;;
Wa Wabbit (Hardi);Intrusion chez les wabbits;;;;;;;
Wa Wabbit (Blitzkrieg);Intrusion chez les wabbits;;;;;;;
Wa Wabbit (Duo);Intrusion chez les wabbits;;;;;;;
Wa Wabbit (Spécial);Intrusion chez les wabbits;;;;;;;
Gelée bien eue;Le Wa Pythie;;;;;;;
Retourner voir le Dark Vlad, toujours sans mourir;La magicienne des marécages;;;;;;;
Le Gardien du Pont de la Mort;L'île des naufragés;;;;;;;
La vengeance du Kito;Le Gardien du Pont de la Mort;;;;;;;
Chéri fais-moi peur;Gelée bien eue;Le Gardien du Pont de la Mort;;;;;;
Cale de l'Arche d'Otomaï;Le Gardien du Pont de la Mort;;;;;;;
Gourlo le Terrible (Premier);Le Gardien du Pont de la Mort;;;;;;;
Gourlo le Terrible (Économe);Le Gardien du Pont de la Mort;;;;;;;
Gourlo le Terrible (Duo);Le Gardien du Pont de la Mort;;;;;;;
Gourlo le Terrible (Spécial);Le Gardien du Pont de la Mort;;;;;;;
Qui botte le cul des Culs Bottés ?;Retourner voir le Dark Vlad, toujours sans mourir;;;;;;;
Les morts vivants;Trou de mémoire;;;;;;;
Histoire de chiens;Chéri fais-moi peur;;;;;;;
Crypte Honnie;Le guide du Roublard;;;;;;;
Traître ou pas traître, telle est la question…;Crypte Honnie;;;;;;;
Quatrième quête d'Allister;Traître ou pas traître, telle est la question…;;;;;;;
Cinquième quête d'Allister;Quatrième quête d'Allister;;;;;;;
Sixième quête d'Allister;Cinquième quête d'Allister;;;;;;;
Septième quête d'Allister;Sixième quête d'Allister;;;;;;;
Huitième quête d'Allister;Septième quête d'Allister;;;;;;;
Neuvième quête d'Allister;Huitième quête d'Allister;;;;;;;
Filouterie épicée;L'allégorie de la taverne;;;;;;;
Antichambre du Glourséleste;Cavernes du Kolosso;;;;;;;
Prise de notes;Relevez les niveaux;;;;;;;
Dojo du Vent;Le réveil de Pandala;;;;;;;
Hanshi et Shihan (Prudent);Le réveil de Pandala;;;;;;;
Hanshi et Shihan (Dernier);Le réveil de Pandala;;;;;;;
Hanshi et Shihan (Duo);Le réveil de Pandala;;;;;;;
Hanshi et Shihan (Spécial);Le réveil de Pandala;;;;;;;
Firefoux;Le réveil de Pandala;;;;;;;
Fabrique des foux d'artifice;Le réveil de Pandala;;;;;;;
Founoroshi (Prudent);Le réveil de Pandala;;;;;;;
Founoroshi (Collant);Le réveil de Pandala;;;;;;;
Founoroshi (Duo);Le réveil de Pandala;;;;;;;
Founoroshi (Spécial);Le réveil de Pandala;;;;;;;
Canopée du Kimbo;L'île des naufragés;;;;;;;
Kimbo (Premier);L'île des naufragés;;;;;;;
Kimbo (Statue);L'île des naufragés;;;;;;;
Kimbo (Duo);L'île des naufragés;;;;;;;
Kimbo (Spécial);L'île des naufragés;;;;;;;
Le livre des Taures;La magicienne des marécages;;;;;;;
Un autre moyen de transport;L'île des naufragés;;;;;;;
Scaéroplane à très grande vitesse;L'île des naufragés;;;;;;;
Le fils caché;L'île des naufragés;;;;;;;
Tour à tour;Tour d'horizon;;;;;;;
Goulet du Rasboul;L'île des naufragés;;;;;;;
Silf le Rasboul Majeur (Premier);L'île des naufragés;;;;;;;
Silf le Rasboul Majeur (Temps qui court);L'île des naufragés;;;;;;;
Silf le Rasboul Majeur (Duo);L'île des naufragés;;;;;;;
Silf le Rasboul Majeur (Spécial);L'île des naufragés;;;;;;;
À la croisée des mondes;Le réveil de Pandala;Ça est frugal, une fois;;;;;;
Les voies du Pandawushu;À la croisée des mondes;;;;;;;
Rokwa : Voie du poing;Les voies du Pandawushu;;;;;;;
Gokwa : Voie du bâton;Rokwa : Voie du poing;;;;;;;
Yonkwa : Voie du sabre;Gokwa : Voie du bâton;;;;;;;
Cavernes Givrefoux;Hypogée de l'Obsidiantre;;;;;;;
Tengu Givrefoux (Statue);Hypogée de l'Obsidiantre;;;;;;;
Tengu Givrefoux (Premier);Hypogée de l'Obsidiantre;;;;;;;
Tengu Givrefoux (Duo);Hypogée de l'Obsidiantre;;;;;;;
Tengu Givrefoux (Spécial);Hypogée de l'Obsidiantre;;;;;;;
Demeure des esprits;Le réveil de Pandala;;;;;;;
Koumiho (Premier);Le réveil de Pandala;;;;;;;
Koumiho (Focus);Le réveil de Pandala;;;;;;;
Koumiho (Duo);Le réveil de Pandala;;;;;;;
Koumiho (Spécial);Le réveil de Pandala;;;;;;;
Sylvesprits;Cavernes Givrefoux;;;;;;;
Antre du Korriandre;Cavernes Givrefoux;;;;;;;
Korriandre (Mystique);Cavernes Givrefoux;;;;;;;
Korriandre (Zombie);Cavernes Givrefoux;;;;;;;
Korriandre (Duo);Cavernes Givrefoux;;;;;;;
Korriandre (Spécial);Cavernes Givrefoux;;;;;;;
Antre du Kralamoure Géant;Le Chevalier Noir et Rose;;;;;;;
Kralamoure Géant (Nomade);Le Chevalier Noir et Rose;;;;;;;
Kralamoure Géant (Blitzkrieg);Le Chevalier Noir et Rose;;;;;;;
Kralamoure Géant (Duo);Le Chevalier Noir et Rose;;;;;;;
Kralamoure Géant (Spécial);Le Chevalier Noir et Rose;;;;;;;
Bléros;Antre du Korriandre;;;;;;;
Cavernes du Kolosso;Antre du Korriandre;;;;;;;
Kolosso (Premier);Antre du Korriandre;;;;;;;
Kolosso (Dernier);Antre du Korriandre;;;;;;;
Kolosso (Duo);Antre du Korriandre;;;;;;;
Kolosso (Spécial);Antre du Korriandre;;;;;;;
Cavernes Givrefoux Nourricières;Hypogée de l'Obsidiantre;;;;;;;
Fuji Givrefoux Nourricière (Dernier);Hypogée de l'Obsidiantre;;;;;;;
Fuji Givrefoux Nourricière (Statue);Hypogée de l'Obsidiantre;;;;;;;
Fuji Givrefoux Nourricière (Duo);Hypogée de l'Obsidiantre;;;;;;;
Fuji Givrefoux Nourricière (Spécial);Hypogée de l'Obsidiantre;;;;;;;
Gloursons;Cavernes du Kolosso;;;;;;;
Antichambre du Glourséleste;Cavernes du Kolosso;;;;;;;
Glourséleste (Collant);Cavernes du Kolosso;;;;;;;
Glourséleste (Premier);Cavernes du Kolosso;;;;;;;
Glourséleste (Duo);Cavernes du Kolosso;;;;;;;
Glourséleste (Spécial);Cavernes du Kolosso;;;;;;;
Camp du Comte Razof;À plus dans l'muldobus;;;;;;;
Comte Razof (Premier);À plus dans l'muldobus;;;;;;;
Comte Razof (Liberté);À plus dans l'muldobus;;;;;;;
Comte Razof (Duo);À plus dans l'muldobus;;;;;;;
Comte Razof (Spécial);À plus dans l'muldobus;;;;;;;
Armutins;Antichambre du Glourséleste;;;;;;;
Forgefroide de Missiz Frizz;Antichambre du Glourséleste;;;;;;;
Missiz Frizz (Nomade);Antichambre du Glourséleste;;;;;;;
Missiz Frizz (Collant);Antichambre du Glourséleste;;;;;;;
Missiz Frizz (Duo);Antichambre du Glourséleste;;;;;;;
Missiz Frizz (Spécial);Antichambre du Glourséleste;;;;;;;
Transporteur de Sylargh;Antichambre du Glourséleste;;;;;;;
Sylargh (Barbare);Antichambre du Glourséleste;;;;;;;
Sylargh (Misanthrope);Antichambre du Glourséleste;;;;;;;
Sylargh (Duo);Antichambre du Glourséleste;;;;;;;
Sylargh (Spécial);Antichambre du Glourséleste;;;;;;;
Cuirassés;Antichambre du Glourséleste;;;;;;;
On recherche Psikopompe;Le tour de guet;;;;;;;
Brikoléreux;Antichambre du Glourséleste;;;;;;;
Salons privés de Klime;Antichambre du Glourséleste;;;;;;;
Klime (Nomade);Antichambre du Glourséleste;;;;;;;
Klime (Prudent);Antichambre du Glourséleste;;;;;;;
Klime (Duo);Antichambre du Glourséleste;;;;;;;
Klime (Spécial);Antichambre du Glourséleste;;;;;;;
Alchillusions;Antichambre du Glourséleste;;;;;;;
Laboratoire de Nileza;Antichambre du Glourséleste;;;;;;;
Nileza (Prudent);Antichambre du Glourséleste;;;;;;;
Nileza (Dernier);Antichambre du Glourséleste;;;;;;;
Nileza (Duo);Antichambre du Glourséleste;;;;;;;
Nileza (Spécial);Antichambre du Glourséleste;;;;;;;
Sinistros;Forgefroide de Missiz Frizz;Salons privés de Klime;Transporteur de Sylargh;Laboratoire de Nileza;;;;
Donjon du Comte;Forgefroide de Missiz Frizz;Salons privés de Klime;Transporteur de Sylargh;Laboratoire de Nileza;;;;
Comte Harebourg (Versatile);Forgefroide de Missiz Frizz;Salons privés de Klime;Transporteur de Sylargh;Laboratoire de Nileza;;;;
Comte Harebourg (Statue);Forgefroide de Missiz Frizz;Salons privés de Klime;Transporteur de Sylargh;Laboratoire de Nileza;;;;
Comte Harebourg (Duo);Forgefroide de Missiz Frizz;Salons privés de Klime;Transporteur de Sylargh;Laboratoire de Nileza;;;;
Comte Harebourg (Spécial);Forgefroide de Missiz Frizz;Salons privés de Klime;Transporteur de Sylargh;Laboratoire de Nileza;;;;
Harebourg et Frizz;Forgefroide de Missiz Frizz;Salons privés de Klime;Transporteur de Sylargh;Laboratoire de Nileza;;;;
Harebourg et Sylargh;Forgefroide de Missiz Frizz;Salons privés de Klime;Transporteur de Sylargh;Laboratoire de Nileza;;;;
Harebourg et Nileza;Forgefroide de Missiz Frizz;Salons privés de Klime;Transporteur de Sylargh;Laboratoire de Nileza;;;;
Harebourg et Klime;Forgefroide de Missiz Frizz;Salons privés de Klime;Transporteur de Sylargh;Laboratoire de Nileza;;;;
Mercemers;;;;;;;;
Aquadôme de Merkator;;;;;;;;
Merkator (Mystique);;;;;;;;
Merkator (Dernier);;;;;;;;
Merkator (Duo);;;;;;;;
Merkator (Spécial);;;;;;;;
Trône de la Cour Sombre;;;;;;;;
Reine des Voleurs (Premier);;;;;;;;
Reine des Voleurs (Collant);;;;;;;;
Reine des Voleurs (Trio);;;;;;;;
Reine des Voleurs (Spécial);;;;;;;;
Cour Sombre;;;;;;;;
Ventre de la baleine;La terre banquise;;;;;;;
Protozorreur (Barbare);La terre banquise;;;;;;;
Protozorreur (Statue);La terre banquise;;;;;;;
Protozorreur (Duo);La terre banquise;;;;;;;
Protozorreur (Spécial);La terre banquise;;;;;;;
Krobes;;;;;;;;
Œil de Vortex;;;;;;;;
Vortex (Hardi);;;;;;;;
Vortex (Focus);;;;;;;;
Vortex (Trio);;;;;;;;
Vortex (Spécial);;;;;;;;
Égarés;;;;;;;;
Défi du Chalœil;;;;;;;;
Chalœil (Liberté);;;;;;;;
Chalœil (Prudent);;;;;;;;
Chalœil (Trio);;;;;;;;
Chalœil (Spécial);;;;;;;;
Monstres des ruines sous-marines;;;;;;;;
Vaisseau du Capitaine Meno;;;;;;;;
Capitaine Meno (Prudent);;;;;;;;
Capitaine Meno (Blitzkrieg);;;;;;;;
Capitaine Meno (Duo);;;;;;;;
Capitaine Meno (Spécial);;;;;;;;
Serviteurs de l'indicible;;;;;;;;
Temple de Koutoulou;;;;;;;;
Larve de Koutoulou (Prudent);;;;;;;;
Larve de Koutoulou (Hardi);;;;;;;;
Larve de Koutoulou (Duo);;;;;;;;
Larve de Koutoulou (Spécial);;;;;;;;
Trithons;;;;;;;;
Palais de Dantinéa;;;;;;;;
Dantinéa (Statue);;;;;;;;
Dantinéa (Dernier);;;;;;;;
Dantinéa (Duo);;;;;;;;
Dantinéa (Spécial);;;;;;;;
Maudits;;;;;;;;
Chambre de Tal Kasha;;;;;;;;
Tal Kasha (Statue);;;;;;;;
Tal Kasha (Focus);;;;;;;;
Tal Kasha (Duo);;;;;;;;
Tal Kasha (Spécial);;;;;;;;
Brûlâmes;Antichambre du Glourséleste;;;;;;;
Belvédère d'Ilyzaelle;Antichambre du Glourséleste;;;;;;;
Ilyzaelle (Liberté);Antichambre du Glourséleste;;;;;;;
Ilyzaelle (Focus);Antichambre du Glourséleste;;;;;;;
Ilyzaelle (Duo);Antichambre du Glourséleste;;;;;;;
Ilyzaelle (Spécial);Antichambre du Glourséleste;;;;;;;
Goules;;;;;;;;
Manoir des Katrepat;;;;;;;;
Anerice la Shushess (Premier);;;;;;;;
Anerice la Shushess (Prudent);;;;;;;;
Anerice la Shushess (Duo);;;;;;;;
Anerice la Shushess (Spécial);;;;;;;;
Calcinés;;;;;;;;
Tour de Solar;;;;;;;;
Solar (Versatile);;;;;;;;
Solar (Focus);;;;;;;;
Solar (Duo);;;;;;;;
Solar (Spécial);;;;;;;;
Submergés;Serre du Royalmouth;Excavation du Mansot Royal;;;;;;
Tour de Bethel;Serre du Royalmouth;Excavation du Mansot Royal;;;;;;
Bethel Akarna (Mystique);Serre du Royalmouth;Excavation du Mansot Royal;;;;;;
Bethel Akarna (Zombie);Serre du Royalmouth;Excavation du Mansot Royal;;;;;;
Bethel Akarna (Duo);Serre du Royalmouth;Excavation du Mansot Royal;;;;;;
Bethel Akarna (Spécial);Serre du Royalmouth;Excavation du Mansot Royal;;;;;;
Crocodailles de Crocuzko;Perdu dans le temps;;;;;;;
Sanctuaire de Torkélonia;Perdu dans le temps;;;;;;;
Torkélonia (Dernier);Perdu dans le temps;;;;;;;
Torkélonia (Statue);Perdu dans le temps;;;;;;;
Torkélonia (Duo);Perdu dans le temps;;;;;;;
Torkélonia (Spécial);Perdu dans le temps;;;;;;;
Clan Martegel;Frappez, ami, et entrez;;;;;;;
Brasserie du roi Dazak;Frappez, ami, et entrez;;;;;;;
Dazak Martegel (Premier);Frappez, ami, et entrez;;;;;;;
Dazak Martegel (Liberté);Frappez, ami, et entrez;;;;;;;
Dazak Martegel (Duo);Frappez, ami, et entrez;;;;;;;
Dazak Martegel (Spécial);Frappez, ami, et entrez;;;;;;;
Corrompus;;;;;;;;
Arbre de mort;;;;;;;;
Corruption (Collant);;;;;;;;
Corruption (Mains propres);;;;;;;;
Corruption (Duo);;;;;;;;
Corruption (Spécial);;;;;;;;
Sanguinaires;;;;;;;;
Trône de sang;;;;;;;;
Guerre (Zombie);;;;;;;;
Guerre (Misanthrope);;;;;;;;
Guerre (Duo);;;;;;;;
Guerre (Spécial);;;;;;;;
Asservis;;;;;;;;
Fers de la Tyrannie;;;;;;;;
Servitude (Focus);;;;;;;;
Servitude (Versatile);;;;;;;;
Servitude (Duo);;;;;;;;
Servitude (Spécial);;;;;;;;
Miséreux;;;;;;;;
Sentence de la Balance;;;;;;;;
Misère (Hardi);;;;;;;;
Misère (Mains propres);;;;;;;;
Misère (Duo);;;;;;;;
Misère (Spécial);;;;;;;;
Tempête de l'Éliocalypse;Prise de conscience (partie 2);;;;;;;
Cavaliers de l'Éliocalypse (Liberté);Prise de conscience (partie 2);;;;;;;
Cavaliers de l'Éliocalypse (Hardi);Prise de conscience (partie 2);;;;;;;
Cavaliers de l'Éliocalypse (Quatuor);Prise de conscience (partie 2);;;;;;;
Possédés;Le chant du Pandamonium;Un vrai petit garçon;;;;;;
Rituel de Kabahal;Le réveil de Pandala;;;;;;;
Kabahal (Hardi);Le réveil de Pandala;;;;;;;
Kabahal (Mains propres);Le réveil de Pandala;;;;;;;
Kabahal (Duo);Le réveil de Pandala;;;;;;;
Kabahal (Spécial);Le réveil de Pandala;;;;;;;
Malveilleurs;Ring du Capitaine Ekarlatte;;;;;;;
Grand Jeu;Défi du Chalœil;Le dragon blanc;De l'autre côté du Chalœil;;;;;
Autel du Nord (partie 1);La méchante sorcière de l'Est;;;;;;;
Autel du Nord (partie 2);La bénédiction de Thomahon;;;;;;;
Il était une foi dans l'Ouest (partie 1);Autel du Nord (partie 2);;;;;;;
Il était une foi dans l'Ouest (partie 2);La bénédiction de Foluk (Phossile);La bénédiction de Foluk (Kanigroula);La bénédiction de Foluk (Korriandre);;;;;
Une âme en colère;Il était une foi dans l'Ouest (partie 2);;;;;;;
Le pouvoir derrière le trône;Une âme en peine;;;;;;;
L'éternelle moisson;Nid du Kwakwa;Le nouveau monde;;;;;;
La dernière pierre;Ultime réminescence;Une âme en colère;Le pouvoir derrière le trône;L'éternelle moisson;;;;
Les coûts du sort;La dernière pierre;;;;;;;
Une ombre au tableau;Les coûts du sort;;;;;;;
Le dragon des eaux;Une ombre au tableau;;;;;;;
Le dragon des vents;Une ombre au tableau;;;;;;;
Le dragon des flammes;Une ombre au tableau;;;;;;;
Le dragon des forêts;Une ombre au tableau;;;;;;;
Un remède draconien;Le dragon des eaux;Le dragon des vents;Le dragon des flammes;Le dragon des forêts;;;;
Mississitudes;Un remède draconien;;;;;;;
Le destin de Kalisthe;Mississitudes;;;;;;;
Le dragon blanc;La magicienne des marécages;;;;;;;
Examen de passage;Le dragon blanc;Ordre Brâkmar 5;Ordre Bonta 5;;;;;
Le pays gris;Examen de passage;;;;;;;
Casse en Énutrosor;Le pays gris;;;;;;;
Nordalie (partie 1);Casse en Énutrosor;;;;;;;
Nordalie (partie 2);Le bonheur est dans le spray;Une voix de crystal (Capitaine Meno);Le mort dans l'âme;Le guerrier noir;;;;
Le bonheur est dans le spray;Nordalie (partie 1);;;;;;;
Une voix de crystal (Nileza);Nordalie (partie 1);;;;;;;
Une voix de crystal (Capitaine Meno);Nordalie (partie 1);;;;;;;
Le mort dans l'âme;Nordalie (partie 1);;;;;;;
Le guerrier noir;Nordalie (partie 1);;;;;;;
Il est temps de mourir;Nordalie (partie 2);;;;;;;
Le forgeur de légende;L'épée du rocher (Fraktale);La voix des morts;;;;;;
Jusqu'au bout du rêve;Le forgeur de légende;;;;;;;
À la recherche de Crocoburio;Jusqu'au bout du rêve;;;;;;;
Le creuset de Mériana;À la recherche de Crocoburio;;;;;;;
Une douloureuse séparation;Le creuset de Mériana;;;;;;;
Le dragon noir (Dazak Martegel);Une douloureuse séparation;;;;;;;
Le dragon noir (Klime);Le dragon noir (Dazak Martegel);;;;;;;
La vengeance du dernier empereur;Le dragon noir (Klime);;;;;;;
L'œuf de Crocabulia;La vengeance du dernier empereur;;;;;;;
Un nouvel héritier;L'œuf de Crocabulia;;;;;;;
Dans la gueule du dragon;Le destin de Kalisthe;Un nouvel héritier;Il est temps de mourir;;;;;
S'armer contre le destin;Dans la gueule du dragon;;;;;;;
La fin… ou le commencement;S'armer contre le destin;;;;;;;
La bête au bois dormant;Entretemps, une renaissance;Le serment de l'ambre;;;;;;
Les derniers rescapés;Rappel à la vie;Moteur à explosion;La fifille à son papa;Mutinerie chez les Armutins;;;;
La vie de château;La dernière carte;;;;;;;
La machine à démonter le temps;Chaud et froid (Missiz Frizz);;;;;;;
Chaud et froid (partie 1);Mission Solution;;;;;;;
Chaud et froid (Nileza);Chaud et froid (partie 1);;;;;;;
Chaud et froid (Sylargh);Chaud et froid (Nileza);;;;;;;
Chaud et froid (Klime);Chaud et froid (Sylargh);;;;;;;
Chaud et froid (Missiz Frizz);Chaud et froid (Klime);;;;;;;
Le givre des révélations;Chaud et froid (Missiz Frizz);Lumière sur l'ombre;;;;;;
Le Dofus des Glaces;Le givre des révélations;Donjon du Comte;La machine à démonter le temps;;;;;
Mille et un jours, un destin;Le givre des révélations;;;;;;;
Le Dofus des Glaces;Le givre des révélations;;;;;;;
Mille et un jours, un destin;Le givre des révélations;;;;;;;
Traître ou pas traître, telle est la question…;Crypte Honnie;;;;;;;
Quatrième quête d'Allister;Traître ou pas traître, telle est la question…;;;;;;;
Cinquième quête d'Allister;Quatrième quête d'Allister;;;;;;;
Sixième quête d'Allister;Cinquième quête d'Allister;;;;;;;
Septième quête d'Allister;Sixième quête d'Allister;;;;;;;
Huitième quête d'Allister;Septième quête d'Allister;;;;;;;
Neuvième quête d'Allister;Huitième quête d'Allister;;;;;;;
Question de réputation;Chacun cherche son chacha;;;;;;;
Matou vu;Question de réputation;;;;;;;
À la rescousse des magypus;Ne tirez pas sur le messager;;;;;;;
Dernier contact;À la rescousse des magypus;;;;;;;
La voix des morts;Dernier contact;;;;;;;
Le fléau de Burin;La voix des morts;;;;;;;
Le gang des Toxines;Le fléau de Burin;;;;;;;
Sombres desseins;Le gang des Toxines;Mieux vaut ne pas se fier à la première impression;;;;;;
Le jour des assassins;Sombres desseins;;;;;;;
Le piège se referme;Le jour des assassins;;;;;;;
La mère des Dragœufs;Perdu dans le temps;Amaknanomalie;;;;;;
Amaknanomalie;Ce sera mieux avant;;;;;;;
Cauchemar infini;La mère des Dragœufs;;;;;;;
La Nuit-qui-rugit;Cauchemar infini;Le sens du sacrifice;;;;;;
Les raisons de la colère;La Nuit-qui-rugit;;;;;;;
Le temps des secrets;Les raisons de la colère;;;;;;;
Les sentiers de la guerre;Rêves translucides;Chachyène de vie;;;;;;
Les quatre volontés (partie 1);Les sentiers de la guerre;;;;;;;
Les quatre volontés (partie 2);Avis de tempête;Une boîte pour les asservir tous;Voyage au bout de l'Externam;Mort et renouveau;;;;
L'avis de la Mort;Prise de conscience (partie 1);La source de tous les maux;Casse en Énutrosor;;;;;
La guerre de Cania n'aura pas lieu;Prise de conscience (partie 1);La source de tous les maux;;;;;;
Prise de conscience (partie 1);Les quatre volontés (partie 2);;;;;;;
Prise de conscience (partie 2);La guerre de Cania n'aura pas lieu;L'avis de la Mort;;;;;;
Cauchemars prémonitoires;Ce sera mieux avant;;;;;;;
Partie de chasse;Cauchemars prémonitoires;;;;;;;
Quatre contre un;Partie de chasse;;;;;;;
Rêves translucides;Quatre contre un;;;;;;;
Veilleur sous surveillance;Rêves translucides;;;;;;;
La source de tous les maux;Veilleur sous surveillance;;;;;;;
Toute possession dépossède;Quand l'éveil n'est qu'un songe;;;;;;;
Le chant du Pandamonium;Toute possession dépossède;Qui dit baume;;;;;;
Le début de la fin;Le chant du Pandamonium;;;;;;;
On recherche Bouflouth;La terre banquise;;;;;;;
On recherche Monsieur Pingouin;La terre banquise;;;;;;;
On recherche Katigrou;La terre banquise;;;;;;;
On recherche Fantômayte;Excavation du Mansot Royal;Serre du Royalmouth;;;;;;
On recherche le YeCh'Ti;Hypogée de l'Obsidiantre;;;;;;;
On recherche Fuji Givrefoux;Hypogée de l'Obsidiantre;;;;;;;
On recherche Dremoan;Cavernes Givrefoux;;;;;;;
On recherche Glourdorak;Antichambre du Glourséleste;;;;;;;
On recherche Mekamouth;Antichambre du Glourséleste;;;;;;;
On recherche Psikopompe;Antichambre du Glourséleste;;;;;;;
On recherche le Chevalier de Glace;Antichambre du Glourséleste;;;;;;;
On recherche le Fantôme Braïdeur;Ordre Bonta 5;Ordre Brâkmar 5;;;;;;
Alignement Bonta 2;Alignement Bonta 1;;;;;;;
Alignement Bonta 3;Alignement Bonta 2;;;;;;;
Alignement Bonta 4;Alignement Bonta 3;;;;;;;
Alignement Bonta 5;Alignement Bonta 4;;;;;;;
Alignement Bonta 6;Alignement Bonta 5;;;;;;;
Alignement Bonta 7;Alignement Bonta 6;;;;;;;
Alignement Bonta 8;Alignement Bonta 7;;;;;;;
Alignement Bonta 9;Alignement Bonta 8;;;;;;;
Alignement Bonta 10;Alignement Bonta 9;;;;;;;
Alignement Bonta 11;Alignement Bonta 10;;;;;;;
Alignement Bonta 12;Alignement Bonta 11;;;;;;;
Alignement Bonta 13;Alignement Bonta 12;;;;;;;
Alignement Bonta 14;Alignement Bonta 13;;;;;;;
Alignement Bonta 15;Alignement Bonta 14;;;;;;;
Alignement Bonta 16;Alignement Bonta 15;;;;;;;
Alignement Bonta 17;Alignement Bonta 16;;;;;;;
Alignement Bonta 18;Alignement Bonta 17;;;;;;;
Alignement Bonta 19;Alignement Bonta 18;;;;;;;
Alignement Bonta 20;Alignement Bonta 19;;;;;;;
Alignement Bonta 21;Alignement Bonta 20;;;;;;;
Alignement Bonta 22;Alignement Bonta 21;;;;;;;
Alignement Bonta 23;Alignement Bonta 22;;;;;;;
Alignement Bonta 24;Alignement Bonta 23;;;;;;;
Alignement Bonta 25;Alignement Bonta 24;;;;;;;
Alignement Bonta 26;Alignement Bonta 25;;;;;;;
Alignement Bonta 27;Alignement Bonta 26;;;;;;;
Alignement Bonta 28;Alignement Bonta 27;;;;;;;
Alignement Bonta 29;Alignement Bonta 28;;;;;;;
Alignement Bonta 30;Alignement Bonta 29;;;;;;;
Alignement Bonta 31;Alignement Bonta 30;;;;;;;
Alignement Bonta 32;Alignement Bonta 31;;;;;;;
Alignement Bonta 33;Alignement Bonta 32;;;;;;;
Alignement Bonta 34;Alignement Bonta 33;;;;;;;
Alignement Bonta 35;Alignement Bonta 34;;;;;;;
Alignement Bonta 36;Alignement Bonta 35;;;;;;;
Alignement Bonta 37;Alignement Bonta 36;;;;;;;
Alignement Bonta 38;Alignement Bonta 37;;;;;;;
Alignement Bonta 39;Alignement Bonta 38;;;;;;;
Alignement Bonta 40;Alignement Bonta 39;;;;;;;
Alignement Bonta 41;Alignement Bonta 40;;;;;;;
Alignement Bonta 42;Alignement Bonta 41;;;;;;;
Alignement Bonta 43;Alignement Bonta 42;;;;;;;
Alignement Bonta 44;Alignement Bonta 43;;;;;;;
Alignement Bonta 45;Alignement Bonta 44;;;;;;;
Alignement Bonta 46;Alignement Bonta 45;;;;;;;
Alignement Bonta 47;Alignement Bonta 46;;;;;;;
Alignement Bonta 48;Alignement Bonta 47;;;;;;;
Alignement Bonta 49;Alignement Bonta 48;;;;;;;
Alignement Bonta 50;Alignement Bonta 49;;;;;;;
Alignement Bonta 51;Alignement Bonta 50;;;;;;;
Alignement Bonta 52;Alignement Bonta 51;;;;;;;
Alignement Bonta 53;Alignement Bonta 52;;;;;;;
Alignement Bonta 54;Alignement Bonta 53;;;;;;;
Alignement Bonta 55;Alignement Bonta 54;;;;;;;
Alignement Bonta 56;Alignement Bonta 55;;;;;;;
Alignement Bonta 57;Alignement Bonta 56;;;;;;;
Alignement Bonta 58;Alignement Bonta 57;;;;;;;
Alignement Bonta 59;Alignement Bonta 58;;;;;;;
Alignement Bonta 60;Alignement Bonta 59;;;;;;;
Alignement Bonta 61;Alignement Bonta 60;;;;;;;
Alignement Bonta 62;Alignement Bonta 61;;;;;;;
Alignement Bonta 63;Alignement Bonta 62;;;;;;;
Alignement Bonta 64;Alignement Bonta 63;;;;;;;
Alignement Bonta 65;Alignement Bonta 64;;;;;;;
Alignement Bonta 66;Alignement Bonta 65;;;;;;;
Alignement Bonta 67;Alignement Bonta 66;;;;;;;
Alignement Bonta 68;Alignement Bonta 67;;;;;;;
Alignement Bonta 69;Alignement Bonta 68;;;;;;;
Alignement Bonta 70;Alignement Bonta 69;;;;;;;
Alignement Bonta 71;Alignement Bonta 70;;;;;;;
Alignement Bonta 72;Alignement Bonta 71;;;;;;;
Alignement Bonta 73;Alignement Bonta 72;;;;;;;
Alignement Bonta 74;Alignement Bonta 73;;;;;;;
Alignement Bonta 75;Alignement Bonta 74;;;;;;;
Alignement Bonta 76;Alignement Bonta 75;;;;;;;
Alignement Bonta 77;Alignement Bonta 76;;;;;;;
Alignement Bonta 78;Alignement Bonta 77;;;;;;;
Alignement Bonta 79;Alignement Bonta 78;;;;;;;
Alignement Bonta 80;Alignement Bonta 79;;;;;;;
Alignement Bonta 81;Alignement Bonta 80;;;;;;;
Alignement Bonta 82;Alignement Bonta 81;;;;;;;
Alignement Bonta 83;Alignement Bonta 82;;;;;;;
Alignement Bonta 84;Alignement Bonta 83;;;;;;;
Alignement Bonta 85;Alignement Bonta 84;;;;;;;
Alignement Bonta 86;Alignement Bonta 85;;;;;;;
Alignement Bonta 87;Alignement Bonta 86;;;;;;;
Alignement Bonta 88;Alignement Bonta 87;;;;;;;
Alignement Bonta 89;Alignement Bonta 88;;;;;;;
Alignement Bonta 90;Alignement Bonta 89;;;;;;;
Alignement Bonta 91;Alignement Bonta 90;;;;;;;
Alignement Bonta 92;Alignement Bonta 91;;;;;;;
Alignement Bonta 93;Alignement Bonta 92;;;;;;;
Alignement Bonta 94;Alignement Bonta 93;;;;;;;
Alignement Bonta 95;Alignement Bonta 94;;;;;;;
Alignement Bonta 96;Alignement Bonta 95;;;;;;;
Alignement Bonta 97;Alignement Bonta 96;;;;;;;
Alignement Bonta 98;Alignement Bonta 97;;;;;;;
Alignement Bonta 99;Alignement Bonta 98;;;;;;;
Alignement Bonta 100;Alignement Bonta 99;;;;;;;
Ordre Bonta 1;Alignement Bonta 20;;;;;;;
Ordre Bonta 2;Alignement Bonta 40;Ordre Bonta 1;;;;;;
Ordre Bonta 3;Alignement Bonta 60;Ordre Bonta 2;;;;;;
Ordre Bonta 4;Alignement Bonta 80;Ordre Bonta 3;;;;;;
Ordre Bonta 5;Alignement Bonta 100;Ordre Bonta 4;;;;;;
Alignement Brâkmar 2;Alignement Brâkmar 1;;;;;;;
Alignement Brâkmar 3;Alignement Brâkmar 2;;;;;;;
Alignement Brâkmar 4;Alignement Brâkmar 3;;;;;;;
Alignement Brâkmar 5;Alignement Brâkmar 4;;;;;;;
Alignement Brâkmar 6;Alignement Brâkmar 5;;;;;;;
Alignement Brâkmar 7;Alignement Brâkmar 6;;;;;;;
Alignement Brâkmar 8;Alignement Brâkmar 7;;;;;;;
Alignement Brâkmar 9;Alignement Brâkmar 8;;;;;;;
Alignement Brâkmar 10;Alignement Brâkmar 9;;;;;;;
Alignement Brâkmar 11;Alignement Brâkmar 10;;;;;;;
Alignement Brâkmar 12;Alignement Brâkmar 11;;;;;;;
Alignement Brâkmar 13;Alignement Brâkmar 12;;;;;;;
Alignement Brâkmar 14;Alignement Brâkmar 13;;;;;;;
Alignement Brâkmar 15;Alignement Brâkmar 14;;;;;;;
Alignement Brâkmar 16;Alignement Brâkmar 15;;;;;;;
Alignement Brâkmar 17;Alignement Brâkmar 16;;;;;;;
Alignement Brâkmar 18;Alignement Brâkmar 17;;;;;;;
Alignement Brâkmar 19;Alignement Brâkmar 18;;;;;;;
Alignement Brâkmar 20;Alignement Brâkmar 19;;;;;;;
Alignement Brâkmar 21;Alignement Brâkmar 20;;;;;;;
Alignement Brâkmar 22;Alignement Brâkmar 21;;;;;;;
Alignement Brâkmar 23;Alignement Brâkmar 22;;;;;;;
Alignement Brâkmar 24;Alignement Brâkmar 23;;;;;;;
Alignement Brâkmar 25;Alignement Brâkmar 24;;;;;;;
Alignement Brâkmar 26;Alignement Brâkmar 25;;;;;;;
Alignement Brâkmar 27;Alignement Brâkmar 26;;;;;;;
Alignement Brâkmar 28;Alignement Brâkmar 27;;;;;;;
Alignement Brâkmar 29;Alignement Brâkmar 28;;;;;;;
Alignement Brâkmar 30;Alignement Brâkmar 29;;;;;;;
Alignement Brâkmar 31;Alignement Brâkmar 30;;;;;;;
Alignement Brâkmar 32;Alignement Brâkmar 31;;;;;;;
Alignement Brâkmar 33;Alignement Brâkmar 32;;;;;;;
Alignement Brâkmar 34;Alignement Brâkmar 33;;;;;;;
Alignement Brâkmar 35;Alignement Brâkmar 34;;;;;;;
Alignement Brâkmar 36;Alignement Brâkmar 35;;;;;;;
Alignement Brâkmar 37;Alignement Brâkmar 36;;;;;;;
Alignement Brâkmar 38;Alignement Brâkmar 37;;;;;;;
Alignement Brâkmar 39;Alignement Brâkmar 38;;;;;;;
Alignement Brâkmar 40;Alignement Brâkmar 39;;;;;;;
Alignement Brâkmar 41;Alignement Brâkmar 40;;;;;;;
Alignement Brâkmar 42;Alignement Brâkmar 41;;;;;;;
Alignement Brâkmar 43;Alignement Brâkmar 42;;;;;;;
Alignement Brâkmar 44;Alignement Brâkmar 43;;;;;;;
Alignement Brâkmar 45;Alignement Brâkmar 44;;;;;;;
Alignement Brâkmar 46;Alignement Brâkmar 45;;;;;;;
Alignement Brâkmar 47;Alignement Brâkmar 46;;;;;;;
Alignement Brâkmar 48;Alignement Brâkmar 47;;;;;;;
Alignement Brâkmar 49;Alignement Brâkmar 48;;;;;;;
Alignement Brâkmar 50;Alignement Brâkmar 49;;;;;;;
Alignement Brâkmar 51;Alignement Brâkmar 50;;;;;;;
Alignement Brâkmar 52;Alignement Brâkmar 51;;;;;;;
Alignement Brâkmar 53;Alignement Brâkmar 52;;;;;;;
Alignement Brâkmar 54;Alignement Brâkmar 53;;;;;;;
Alignement Brâkmar 55;Alignement Brâkmar 54;;;;;;;
Alignement Brâkmar 56;Alignement Brâkmar 55;;;;;;;
Alignement Brâkmar 57;Alignement Brâkmar 56;;;;;;;
Alignement Brâkmar 58;Alignement Brâkmar 57;;;;;;;
Alignement Brâkmar 59;Alignement Brâkmar 58;;;;;;;
Alignement Brâkmar 60;Alignement Brâkmar 59;;;;;;;
Alignement Brâkmar 61;Alignement Brâkmar 60;;;;;;;
Alignement Brâkmar 62;Alignement Brâkmar 61;;;;;;;
Alignement Brâkmar 63;Alignement Brâkmar 62;;;;;;;
Alignement Brâkmar 64;Alignement Brâkmar 63;;;;;;;
Alignement Brâkmar 65;Alignement Brâkmar 64;;;;;;;
Alignement Brâkmar 66;Alignement Brâkmar 65;;;;;;;
Alignement Brâkmar 67;Alignement Brâkmar 66;;;;;;;
Alignement Brâkmar 68;Alignement Brâkmar 67;;;;;;;
Alignement Brâkmar 69;Alignement Brâkmar 68;;;;;;;
Alignement Brâkmar 70;Alignement Brâkmar 69;;;;;;;
Alignement Brâkmar 71;Alignement Brâkmar 70;;;;;;;
Alignement Brâkmar 72;Alignement Brâkmar 71;;;;;;;
Alignement Brâkmar 73;Alignement Brâkmar 72;;;;;;;
Alignement Brâkmar 74;Alignement Brâkmar 73;;;;;;;
Alignement Brâkmar 75;Alignement Brâkmar 74;;;;;;;
Alignement Brâkmar 76;Alignement Brâkmar 75;;;;;;;
Alignement Brâkmar 77;Alignement Brâkmar 76;;;;;;;
Alignement Brâkmar 78;Alignement Brâkmar 77;;;;;;;
Alignement Brâkmar 79;Alignement Brâkmar 78;;;;;;;
Alignement Brâkmar 80;Alignement Brâkmar 79;;;;;;;
Alignement Brâkmar 81;Alignement Brâkmar 80;;;;;;;
Alignement Brâkmar 82;Alignement Brâkmar 81;;;;;;;
Alignement Brâkmar 83;Alignement Brâkmar 82;;;;;;;
Alignement Brâkmar 84;Alignement Brâkmar 83;;;;;;;
Alignement Brâkmar 85;Alignement Brâkmar 84;;;;;;;
Alignement Brâkmar 86;Alignement Brâkmar 85;;;;;;;
Alignement Brâkmar 87;Alignement Brâkmar 86;;;;;;;
Alignement Brâkmar 88;Alignement Brâkmar 87;;;;;;;
Alignement Brâkmar 89;Alignement Brâkmar 88;;;;;;;
Alignement Brâkmar 90;Alignement Brâkmar 89;;;;;;;
Alignement Brâkmar 91;Alignement Brâkmar 90;;;;;;;
Alignement Brâkmar 92;Alignement Brâkmar 91;;;;;;;
Alignement Brâkmar 93;Alignement Brâkmar 92;;;;;;;
Alignement Brâkmar 94;Alignement Brâkmar 93;;;;;;;
Alignement Brâkmar 95;Alignement Brâkmar 94;;;;;;;
Alignement Brâkmar 96;Alignement Brâkmar 95;;;;;;;
Alignement Brâkmar 97;Alignement Brâkmar 96;;;;;;;
Alignement Brâkmar 98;Alignement Brâkmar 97;;;;;;;
Alignement Brâkmar 99;Alignement Brâkmar 98;;;;;;;
Alignement Brâkmar 100;Alignement Brâkmar 99;;;;;;;
Ordre Brâkmar 1;Alignement Brâkmar 20;;;;;;;
Ordre Brâkmar 2;Alignement Brâkmar 40;Ordre Brâkmar 1;;;;;;
Ordre Brâkmar 3;Alignement Brâkmar 60;Ordre Brâkmar 2;;;;;;
Ordre Brâkmar 4;Alignement Brâkmar 80;Ordre Brâkmar 3;;;;;;
Ordre Brâkmar 5;Alignement Brâkmar 100;Ordre Brâkmar 4;;;;;;
Ainsi font les petites marionnettes;Quelque chose de pourri au royaume d'Amakna;;;;;;;
Tour de marionnettes;Un défilé de Wobots;;;;;;;
Serviteurs de Dramak;Ainsi font les petites marionnettes;Tour de marionnettes;;;;;;
Théâtre de Dramak;;;;;;;;
Maître des Pantins (Mains propres);;;;;;;;
Maître des Pantins (Statue);;;;;;;;
Maître des Pantins (Duo);;;;;;;;
Maître des Pantins (Spécial);;;;;;;;
Apprentissage en tirage d'oreilles;Stage de combat improvisé;;;;;;;
Licence en distribution de pains;Apprentissage en tirage d'oreilles;;;;;;;
Maîtrise en flanquage de rouste;Licence en distribution de pains;;;;;;;
Doctorat en bottage de fesses;Maîtrise en flanquage de rouste;On recherche Psikopompe;;;;;;
Du feu de dieu;Les pierres à feu;;;;;;;
Le héros de Plantes contre Trépamorts;Plantes contre Trépamorts;;;;;;;
La croisière, ça m'use;Au-delà de la Côte;;;;;;;
Toucher le fond;La croisière, ça m'use;;;;;;;
La mort de ma vie;Toucher le fond;;;;;;;
Krobe en bourg;Algue au rythme;La mort de ma vie;;;;;;
Faut pas pousser;Acides animés;;;;;;;
Testé et approuvé;Faut pas pousser;;;;;;;
De mauvais poil;Testé et approuvé;;;;;;;
L'As du Volans;De mauvais poil;;;;;;;
En rouge et noir;L'As du Volans;;;;;;;
Tu peux te brosser;En rouge et noir;;;;;;;
Dimensions absurdes;Tu peux te brosser;;;;;;;
Une parodie de jeustice;Dimensions absurdes;;;;;;;
De l'autre côté du Chalœil;Une parodie de jeustice;;;;;;;
Le conquérant;Le jeu du Chaminou;;;;;;;
Le sens du sacrifice;Plongée dans un bain de sang;;;;;;;
SOS d'un Douzien en détresse;Le réveil de Pandala;;;;;;;
De l'eau dans la chair;Où est mon samouraï ?;;;;;;;
La main du diable;Le réveil de Pandala;;;;;;;
Un vrai petit garçon;Le réveil de Pandala;;;;;;;
La loi du plus faible;Toute possession dépossède;Infâme pourriture;;;;;;
Les monstres aboient, la diligence casse;L'accusé de la réception;;;;;;;
Chachyène de vie;Les monstres aboient, la diligence casse;;;;;;;
Niera bien qui niera le dernier;Où que les bêtes aillent;;;;;;;
Remède miracle;L'accusé de la réception;;;;;;;
L'art triste;Remède miracle;;;;;;;
Un mâle et fils;Les monstres aboient, la diligence casse;Niera bien qui niera le dernier;L'art triste;;;;;
Boulétisation;Un mâle et fils;;;;;;;
Voler dans les plumes;Oiseau de mauvais augure;;;;;;;
Le mal a dit;Pauvre Kiki;Gène et tique;;;;;;
Convoi humanitaire;Le mal a dit;La fonte des glaces;;;;;;
Sang dessus-dessous;Convoi humanitaire;;;;;;;
Un remède à tous les maux;Sang dessus-dessous;;;;;;;
Semer ses graines;Scierie Bambelle;;;;;;;
Lumière sur l'ombre;L'ombre et la glace;;;;;;;
Lâcher les gaz;Qu'est-ce qu'on a fait des tuyaux ?;;;;;;;
Adoption éphémère;La fonte des glaces;;;;;;;
Crise d'ex-Emma;Au-delà du mur;;;;;;;
Le tour de guet;Antichambre du Glourséleste;;;;;;;
Guerre froide;Le tour de guet;;;;;;;
Les desseins de Sylargh;Guerre froide;;;;;;;
Vous avez demandé la peau lisse ?;Les desseins de Sylargh;;;;;;;
La dernière carte;Vous avez demandé la peau lisse ?;;;;;;;
De Brikke et de Brokke (partie 1);Frappez, ami, et entrez;;;;;;;
De Brikke et de Brokke (partie 2);Les ennemis de mes ennemis sont mes ennemis;;;;;;;
De Brikke et de Brokke (partie 3);Les Ninsoumis;;;;;;;
De Brikke et de Brokke (partie 4);Le fléau de Burin;Légende d'automne;;;;;;
Les Ninsoumis;Les ennemis de mes ennemis sont mes ennemis;;;;;;;
La bible des rancunes;De Brikke et de Brokke (partie 4);;;;;;;
La dernière barbe avant la fin du monde;Frappez, ami, et entrez;;;;;;;
Lâches de glace;Frappez, ami, et entrez;;;;;;;
Le gang des postiches;Frappez, ami, et entrez;;;;;;;
Nincassable;Frappez, ami, et entrez;;;;;;;
Star ski et Dutch;Bricole Girl;;;;;;;
Promenons-nous dans les bois;Bricole Girl;;;;;;;
Groméo et Ginette;La terre banquise;;;;;;;
Bricoleur de génie;La terre banquise;;;;;;;
Planche-Neige et les Sept Nimb';Frappez, ami, et entrez;Star ski et Dutch;;;;;;
Les ennemis de mes ennemis sont mes ennemis;De Brikke et de Brokke (partie 1);;;;;;;
La belle ermite;La potion de lèche-bottes;Kartier Tremai se met à table;;;;;;
Demande anonyme;Ali Babaorom et les quatre autres voleurs;;;;;;;
Désert de revanche;L'Épice rit;;;;;;;
Les bizarreries du Phare Ouest;L'Épice rit;;;;;;;
Le roi scorpion;L'Épice rit;;;;;;;
Le fossile et le marteau;Histoire de chiens;;;;;;;
Animaux du désert;;;;;;;;
Cimetière des Mastodontes;;;;;;;;
Draconanthropie;Les bandits de Cania;;;;;;;
Tanière du Meulou;;;;;;;;
Meulou (Premier);Tanière du Meulou;;;;;;;
Meulou (Hardi);Tanière du Meulou;;;;;;;
Meulou (Duo);Tanière du Meulou;;;;;;;
Meulou (Spécial);Tanière du Meulou;;;;;;;
Ultime réminescence;Draconanthropie;;;;;;;
Mantiscore (Zombie);Cimetière des Mastodontes;;;;;;;
Mantiscore (Mains propres);Cimetière des Mastodontes;;;;;;;
Mantiscore (Duo);Cimetière des Mastodontes;;;;;;;
Mantiscore (Spécial);Cimetière des Mastodontes;;;;;;;
Voyage au centre du Wabbit;Expédition culinaire;;;;;;;
Des pwinces pas très charmants;Voyage au centre du Wabbit;;;;;;;
L'œuf ou la cawotte ?;Le château du Wa;;;;;;;
Un défilé de Wobots;Le fossile et le marteau;;;;;;;
Terrier du Wa Wabbit;Intrusion chez les wabbits;;;;;;;
Wa Wobot (Mains propres);Intrusion chez les wabbits;;;;;;;
Wa Wobot (Blitzkrieg);Intrusion chez les wabbits;;;;;;;
Wa Wobot (Duo);Intrusion chez les wabbits;;;;;;;
Wa Wobot (Spécial);Intrusion chez les wabbits;;;;;;;
Un peu de wab;Intrusion chez les wabbits;;;;;;;
Ça rend aimable;Intrusion chez les wabbits;;;;;;;
Les pwinces déchus;Intrusion chez les wabbits;;;;;;;
La chasse de Lily;Intrusion chez les wabbits;;;;;;;
Le voleur d'âmes;Qui botte le cul des Culs Bottés ?;;;;;;;
L'amour perdu de Nabur;Le voleur d'âmes;;;;;;;
Naissance d'une vocation;L'amour perdu de Nabur;;;;;;;
Les bandits de Cania;Naissance d'une vocation;;;;;;;
Saharach, territoire verdoyant ?;Un problème de serre-ure;Perché là-haut;La barrière des langues;;;;;
Le roi scorpion;L'Épice rit;;;;;;;
Ne pas payer de mine;Le roi scorpion;;;;;;;
Le monde entier est un cactus;Ne pas payer de mine;;;;;;;
Un ver, ça va, trop de vers, bonjour les dégâts;Le monde entier est un cactus;;;;;;;
Le mystère des vers;Un ver, ça va, trop de vers, bonjour les dégâts;;;;;;;
Momies en folie;Le mystère des vers;;;;;;;
Le secret de la pyramide;Momies en folie;;;;;;;
Allumer le feu;La bête intérieure;;;;;;;
Rituel oblige;Au pied du mur;;;;;;;
Appui sur le champignon;Passe le fungus autour de toi;;;;;;;
Le héros de Sufokia;Une porte vers le passé;La gueule de l'enfer;De mal en impie;;;;;
Il y a de l'électricité dans l'eau;La pêche aux infos;;;;;;;
Topo le petit robot;Il y a de l'électricité dans l'eau;;;;;;;
Piège de crystal;Topo le petit robot;;;;;;;
Son nom est personne;Piège de crystal;;;;;;;
La clef de l'énigme;Son nom est personne;;;;;;;
Une porte vers le passé;La clef de l'énigme;;;;;;;
Reine de beauté;La pêche aux infos;;;;;;;
Rançon nage;Reine de beauté;;;;;;;
Stratégie en Trithon Réel;Rançon nage;;;;;;;
Sur fond de crise;Stratégie en Trithon Réel;;;;;;;
Risquer un œil;Sur fond de crise;;;;;;;
La gueule de l'enfer;Risquer un œil;;;;;;;
Celle qui glougloutait dans les ténèbres;La pêche aux infos;;;;;;;
L'affaire Pollie Perkine;Celle qui glougloutait dans les ténèbres;;;;;;;
Trop Pollie pour être honnête;L'affaire Pollie Perkine;;;;;;;
Quand les astres seront propices;Trop Pollie pour être honnête;;;;;;;
Il suffira d'un signe;Quand les astres seront propices;;;;;;;
De mal en impie;Il suffira d'un signe;;;;;;;
Sous le bois de sa colère;À la croisée des mondes;;;;;;;
Bambusaie de Damadrya;Le réveil de Pandala;;;;;;;
Damadrya (Premier);Le réveil de Pandala;;;;;;;
Damadrya (Hardi);Le réveil de Pandala;;;;;;;
Damadrya (Duo);Le réveil de Pandala;;;;;;;
Damadrya (Spécial);Le réveil de Pandala;;;;;;;
La voix de la soif;Le réveil de Pandala;;;;;;;
Nékinékologie;Le réveil de Pandala;;;;;;;
Dîtes-le avec des fleurs;Le réveil de Pandala;;;;;;;
Le saule du promeneur;Le réveil de Pandala;;;;;;;
Infâme pourriture;Le réveil de Pandala;;;;;;;
Des lueurs de désespoir;Le réveil de Pandala;;;;;;;
Questions existentielles;Le réveil de Pandala;;;;;;;
Où est mon samouraï ?;Le réveil de Pandala;;;;;;;
Gobstination d'un grobelin;Le réveil de Pandala;;;;;;;
Main dans la main (partie 1);Requiem pour un Yokai;;;;;;;
Main dans la main (partie 2);Main dans la main (partie 1);;;;;;;
Main dans la main (partie 3);Deux souffles, une inspiration (Mémoire d'Orukam);Deux souffles, une inspiration (Souvenirs d'Imagiro);L'épopée du moine pèlerin;;;;;
Deux souffles, une inspiration (Mémoire d'Orukam);Main dans la main (partie 1);;;;;;;
Deux souffles, une inspiration (Souvenirs d'Imagiro);Main dans la main (partie 1);;;;;;;
En ce jardin qui nous unit;Main dans la main (partie 3);;;;;;;
De l'encre spectaculaire;Requiem pour un Yokai;;;;;;;
L'effet dragon;Le réveil de Pandala;;;;;;;
Pour que son cœur batte comme des ailes;Le réveil de Pandala;;;;;;;
Tant de mots et si peu de temps;La voix de la soif;Deux souffles, une inspiration (Mémoire d'Orukam);Deux souffles, une inspiration (Souvenirs d'Imagiro);Maudite disparition;Où est mon samouraï ?;Jusqu'à leur dernier soupir;;
Des aliments extraordinaires pour un chacha extraordinaire;Requiem pour un Yokai;;;;;;;
L'épopée du moine pèlerin;Main dans la main (partie 2);;;;;;;
Sankwa : Voie du bouclier;Yonkwa : Voie du sabre;;;;;;;
Nikwa : Voie des cinq griffes;Sankwa : Voie du bouclier;;;;;;;
Ikwa : Voie du guerrier ivre;Nikwa : Voie des cinq griffes;;;;;;;
Shodanwa : Perfection martiale;Ikwa : Voie du guerrier ivre;Où est mon samouraï ?;;;;;;
Nidanwa : Harmonie intérieure;Shodanwa : Perfection martiale;;;;;;;
Sandanwa : Pluralité martiale;Nidanwa : Harmonie intérieure;Main dans la main (partie 1);;;;;;
Yondanwa : Maîtrise absolue;Sandanwa : Pluralité martiale;;;;;;;
Godanwa : Transcendance;Yondanwa : Maîtrise absolue;;;;;;;
Quand l'éveil n'est qu'un songe;Le dernier rempart;Par ce serment s'écrit le monde;Une bien étrange prophétie;;;;;
Le dernier rempart;La source de tous les maux;En ce jardin qui nous unit;Si loin, si proches;;;;;
Par ce serment s'écrit le monde;Le saule du promeneur;L'art de la langue de bois;La source de tous les maux;En ce jardin qui nous unit;;;;
Une bien étrange prophétie;De l'encre spectaculaire;Barnabé dans l'espace;La source de tous les maux;En ce jardin qui nous unit;;;;
Les racines du mal;Les quatre volontés (partie 1);;;;;;;
Un pouvoir mérydique;Les racines du mal;;;;;;;
Mort et renouveau;Un pouvoir mérydique;;;;;;;
Le jour le plus long;Les quatre volontés (partie 1);;;;;;;
Au-delà de la gloire;Le jour le plus long;;;;;;;
Voyage au bout de l'Externam;Au-delà de la gloire;;;;;;;
Le navire aux esclaves;Les quatre volontés (partie 1);;;;;;;
Briser ses chaînes;Le navire aux esclaves;;;;;;;
Une boîte pour les asservir tous;Briser ses chaînes;;;;;;;
Le vent se lève;Les quatre volontés (partie 1);;;;;;;
Tournent les vents;Le vent se lève;;;;;;;
Avis de tempête;Tournent les vents;;;;;;;
Arak-haï en pagaille;C'est tout simple;;;;;;;
Munster lève le mystère;Arak-haï en pagaille;;;;;;;
L'art de la langue de bois;Munster lève le mystère;;;;;;;
Arak-haï;;;;;;;;
Antre de la Reine Nyée;;;;;;;;
Reine Nyée (Premier);Antre de la Reine Nyée;;;;;;;
Reine Nyée (Hardi);Antre de la Reine Nyée;;;;;;;
Reine Nyée (Duo);Antre de la Reine Nyée;;;;;;;
Reine Nyée (Spécial);Antre de la Reine Nyée;;;;;;;
Un juge hystérique (Abraknyde Ancestral);Les sbires du maître (Craqueleur Légendaire);;;;;;;
Un juge hystérique (Dragon Cochon);Un juge hystérique (Abraknyde Ancestral);;;;;;;
Un juge hystérique (Koulosse);Un juge hystérique (Dragon Cochon);;;;;;;
Un juge hystérique (Meulou);Un juge hystérique (Koulosse);;;;;;;
Un juge hystérique (Rat Blanc);Un juge hystérique (Meulou);;;;;;;
Un juge hystérique (Rat Noir);Un juge hystérique (Rat Blanc);;;;;;;
Palmikos;Partir un jour sans retour;;;;;;;
Sur les traces des Moonies;Partir un jour sans retour;;;;;;;
Le radeau ivre;Partir un jour sans retour;;;;;;;
Squelettes et amulettes;Un indigeste chez les indigènes;;;;;;;
Rendez-vous avec la lune;Squelettes et amulettes;;;;;;;
Tour d'horizon;Tour de marionnettes;;;;;;;
Arbre de Moon;Un parfum de vacances;;;;;;;
Moon (Statue);Un parfum de vacances;;;;;;;
Moon (Versatile);Un parfum de vacances;;;;;;;
Moon (Duo);Un parfum de vacances;;;;;;;
Moon (Spécial);Un parfum de vacances;;;;;;;
Orichomania;La porte d'Énutrosor;;;;;;;
La porte d'Énutrosor;Voyage, voyage;;;;;;;
Pompe à fric;Elle va finir par se faire coffrer;;;;;;;
Elle va finir par se faire coffrer;La porte d'Énutrosor;;;;;;;
Koffrefors;Fabrique de Malléfisk;Malladie;;;;;;
Fabrique de Malléfisk;Malladie;;;;;;;
Malléfisk (Blitzkrieg);Fabrique de Malléfisk;Malladie;;;;;;
Malléfisk (Circulez);Fabrique de Malléfisk;Malladie;;;;;;
Malléfisk (Duo);Fabrique de Malléfisk;Malladie;;;;;;
Malléfisk (Spécial);Fabrique de Malléfisk;Malladie;;;;;;
Traitement de choc;Énergie renouvelable;;;;;;;
Énergie renouvelable;Le maître des zaaps;;;;;;;
La voix de son maître;Messager clandestin;;;;;;;
Messager clandestin;La cité de l'indicible mal;;;;;;;
Le disparu de Sufokia;La porte d'Énutrosor;La voix de son maître;Traitement de choc;;;;;
Secret de fabrication;Le disparu de Sufokia;;;;;;;
S'emparer des commandes;Le disparu de Sufokia;;;;;;;
C'est dans la boîte;Le disparu de Sufokia;;;;;;;
Crise d'identité;Rendez-vous avec la mort (partie 2);;;;;;;
Rendez-vous avec la mort (partie 2);Rendez-vous avec la mort (partie 1);S'emparer des commandes;C'est dans la boîte;;;;;
Malladie;Trésorphelinat;;;;;;;
Trésorphelinat;Koffrologie;;;;;;;
Bateau du Chouque;Squelettes et amulettes;;;;;;;
Le Chouque (Nomade);Bateau du Chouque;Squelettes et amulettes;;;;;;
Le Chouque (Dernier);Bateau du Chouque;Squelettes et amulettes;;;;;;
Le Chouque (Duo);Bateau du Chouque;Squelettes et amulettes;;;;;;
Le Chouque (Spécial);Bateau du Chouque;Squelettes et amulettes;;;;;;
Serrons-nous la main;Bateau du Chouque;;;;;;;
Chapiteau des Magik Riktus;;;;;;;;
Choudini (Collant);Chapiteau des Magik Riktus;;;;;;;
Choudini (Hardi);Chapiteau des Magik Riktus;;;;;;;
Choudini (Duo);Chapiteau des Magik Riktus;;;;;;;
Choudini (Spécial);Chapiteau des Magik Riktus;;;;;;;
Antre du Dragon Cochon;;;;;;;;
Dragon Cochon (Hardi);Antre du Dragon Cochon;;;;;;;
Dragon Cochon (Versatile);Antre du Dragon Cochon;;;;;;;
Dragon Cochon (Duo);Antre du Dragon Cochon;;;;;;;
Dragon Cochon (Spécial);Antre du Dragon Cochon;;;;;;;
Kharnozor (Dernier);Repaire du Kharnozor;;;;;;;
Kharnozor (Circulez);Repaire du Kharnozor;;;;;;;
Kharnozor (Duo);Repaire du Kharnozor;;;;;;;
Kharnozor (Spécial);Repaire du Kharnozor;;;;;;;
Caverne du Koulosse;;;;;;;;
Koulosse (Zombie);Caverne du Koulosse;;;;;;;
Koulosse (Mains propres);Caverne du Koulosse;;;;;;;
Koulosse (Duo);Caverne du Koulosse;;;;;;;
Koulosse (Spécial);Caverne du Koulosse;;;;;;;
Division par deux;Retour aux sources;;;;;;;
Cours Forestière;Division par deux;;;;;;;
L'air mythe;Cours Forestière;;;;;;;
La grande parade;L'air mythe;;;;;;;
Un œuf pour Écaflip;Shushu et Lulu;Bien velu, c'est Kerubim;;;;;;
Sombre mystère;Le foux fou Fifoux;;;;;;;
Bricole Girl;La terre banquise;;;;;;;
Pauvre Kiki;La terre banquise;;;;;;;
Manque de re-peau;La terre banquise;;;;;;;
Récolte dans le Mont Torrideau;Cavernes du Kolosso;Récolte dans les crocs de verre;;;;;;
Récolte dans les crocs de verre;Antre du Korriandre;Récolte dans la forêt pétrifiée;;;;;;
Récolte dans la forêt pétrifiée;Cavernes Givrefoux;Récolte dans la crevasse Perge;;;;;;
Récolte dans la crevasse Perge;Hypogée de l'Obsidiantre;Récolte dans l'hypogée de l'Obsidiantre;;;;;;
Récolte dans l'hypogée de l'Obsidiantre;Récolte dans les larmes d'Ouronigride;;;;;;;
Récolte dans les larmes d'Ouronigride;Épave du Grolandais violent;Récolte dans le berceau d'Alma;;;;;;
Récolte dans le berceau d'Alma;Serre du Royalmouth;Excavation du Mansot Royal;Récolte dans le lac gelé;;;;;
Récolte dans le lac gelé;La terre banquise;;;;;;;
Récolte dans la forêt des pins perdus;La terre banquise;;;;;;;
Récolte dans les champs de glace;La terre banquise;;;;;;;
Gène et tique;La terre banquise;;;;;;;
Épis d'Emi;Les monologues du vaccin;;;;;;;
Quête de chasse de Clyde Parker;La terre banquise;;;;;;;
Le mal a dit;Pauvre Kiki;Gène et tique;Récolte dans les champs de glace;;;;;
Serre du Royalmouth;La terre banquise;;;;;;;
Royalmouth (Mains propres);Serre du Royalmouth;;;;;;;
Royalmouth (Duo);Serre du Royalmouth;;;;;;;
Royalmouth (Spécial);Serre du Royalmouth;;;;;;;
Pas de vaccin pour les vilains;Le mal a dit;;;;;;;
Bienvenue à Frigost;Full contact;Épis d'Emi;;;;;;
Taures et détours;Le livre des Taures;;;;;;;
Au détour d'un rêve perdu;Quand l'éveil n'est qu'un songe;La fin… ou le commencement;;;;;;
Centre du Labyrinthe du Minotoror;;;;;;;;
Minotoror (Misanthrope);Centre du Labyrinthe du Minotoror;;;;;;;
Minotoror (Mains propres);Centre du Labyrinthe du Minotoror;;;;;;;
Minotoror (Duo);Centre du Labyrinthe du Minotoror;;;;;;;
Minotoror (Spécial);Centre du Labyrinthe du Minotoror;;;;;;;
Le trésor de Totankama (partie 1);Taures et détours;;;;;;;
Il faut battre le lait quand il est chaud;Le trésor de Totankama (partie 1);;;;;;;
Antre du Blop Multicolore Royal;Clos des Blops;;;;;;;
Blop Multicolore Royal (Hardi);Antre du Blop Multicolore Royal;;;;;;;
Blop Multicolore Royal (Duel);Antre du Blop Multicolore Royal;;;;;;;
Blop Multicolore Royal (Duo);Antre du Blop Multicolore Royal;;;;;;;
Blop Multicolore Royal (Spécial);Antre du Blop Multicolore Royal;;;;;;;
Gros Tofus;;;;;;;;
Tofulailler Royal;;;;;;;;
Tofu Royal (Statue);Tofulailler Royal;;;;;;;
Tofu Royal (Dernier);Tofulailler Royal;;;;;;;
Tofu Royal (Duo);Tofulailler Royal;;;;;;;
Tofu Royal (Spécial);Tofulailler Royal;;;;;;;
Des donjons, encore des donjons (Maître Corbac);Un juge hystérique (Rat Noir);;;;;;;
Des donjons, encore des donjons (Royalmouth);Des donjons, encore des donjons (Maître Corbac);;;;;;;
Des donjons, encore des donjons (Minotoror);Des donjons, encore des donjons (Royalmouth);;;;;;;
Des donjons, encore des donjons (Tofu Royal);Des donjons, encore des donjons (Minotoror);;;;;;;
Des donjons, encore des donjons (Crocabulia);Des donjons, encore des donjons (Tofu Royal);;;;;;;
La voie du guerrier (Skeunk);Des donjons, encore des donjons (Crocabulia);;;;;;;
La voie du guerrier (Founoroshi);La voie du guerrier (Skeunk);;;;;;;
La voie du guerrier (Chêne Mou);La voie du guerrier (Founoroshi);;;;;;;
La voie du guerrier (Minotot);La voie du guerrier (Chêne Mou);;;;;;;
La voie du guerrier (Bworker);La voie du guerrier (Minotot);;;;;;;
Le tracas du guerrier;La voie du guerrier (Bworker);;;;;;;
Antre de Crocabulia;;;;;;;;
Crocabulia (Statue);Antre de Crocabulia;;;;;;;
Crocabulia (Versatile);Antre de Crocabulia;;;;;;;
Crocabulia (Duo);Antre de Crocabulia;;;;;;;
Crocabulia (Spécial);Antre de Crocabulia;;;;;;;
L'épée du rocher (Skeunk);La magicienne des marécages;;;;;;;
L'épée du rocher (Fraktale);L'épée du rocher (Skeunk);;;;;;;
Repaire de Skeunk;;;;;;;;
Skeunk (Statue);Repaire de Skeunk;;;;;;;
Skeunk (Blitzkrieg);Repaire de Skeunk;;;;;;;
Skeunk (Duo);Repaire de Skeunk;;;;;;;
Skeunk (Spécial);Repaire de Skeunk;;;;;;;
Retour vers le présent;C'est ton destin;;;;;;;
Prisonniers du temps;Retour vers le présent;;;;;;;
Faire le tas de pins;La terre banquise;;;;;;;
Blessure de chasse;La terre banquise;;;;;;;
Chasse dangereuse;La terre banquise;;;;;;;
Rentrer brocouille;La terre banquise;;;;;;;
Scierie Bambelle;Bricole Girl;;;;;;;
Semer ses graines;Scierie Bambelle;;;;;;;
Les métamorphoses d'un Tanuki;Le réveil de Pandala;;;;;;;
L'égalité des sexes;Le réveil de Pandala;;;;;;;
Au nom de l'Art;Sous le bois de sa colère;;;;;;;
Atelier du Tanukouï San;Le réveil de Pandala;;;;;;;
Tanukouï San (Statue);Le réveil de Pandala;;;;;;;
Tanukouï San (Versatile);Le réveil de Pandala;;;;;;;
Tanukouï San (Duo);Le réveil de Pandala;;;;;;;
Tanukouï San (Spécial);Le réveil de Pandala;;;;;;;
Cent kamas pour un Kwapa;Le réveil de Pandala;;;;;;;
Les habitudes ont l'eau-de-vie dure;Le réveil de Pandala;;;;;;;
La jetée des enfants perdus;Au nom de l'Art;;;;;;;
Vallée de la Dame des eaux;Le réveil de Pandala;;;;;;;
Nagate la Dame des eaux (Nomade);Le réveil de Pandala;;;;;;;
Nagate la Dame des eaux (Prudent);Le réveil de Pandala;;;;;;;
Nagate la Dame des eaux (Duo);Le réveil de Pandala;;;;;;;
Nagate la Dame des eaux (Spécial);Le réveil de Pandala;;;;;;;
Ça se katche;La seinoise;;;;;;;
Un ring pour les gouverner tous;Ça se katche;;;;;;;
L'anneau de Tot;Le trésor de Totankama (partie 1);;;;;;;
Taper ou parler, il faut choisir;La barrière des langues;;;;;;;
Le Quiki de tous les Quikis;La barrière des langues;Désert de revanche;;;;;;
Une mine de déterré;Les bizarreries du Phare Ouest;;;;;;;
Terres mortes;Une mine de déterré;Le Quiki de tous les Quikis;;;;;;
Ne pas payer de mine;Le roi scorpion;;;;;;;
Le monde entier est un cactus;Ne pas payer de mine;;;;;;;
Regrets d'éternailes;Le trésor de Totankama (partie 1);;;;;;;
Le festival de la lanterne;La jetée des enfants perdus;;;;;;;
Le trésor de Totankama (partie 2);Il faut battre le lait quand il est chaud;Regrets d'éternailes;L'anneau de Tot;Comment perdre ses plumes;;;;
Une âme en peine;Le trésor de Totankama (partie 2);;;;;;;
Extinction des feux;Plongeon et dragon (Dragon Cochon);Plongeon et dragon (Chêne Mou);;;;;;
On dirait le Sud;Extinction des feux;;;;;;;
La méchante sorcière de l'Est;On dirait le Sud;;;;;;;
Autel du Nord (partie 1);La méchante sorcière de l'Est;;;;;;;
La bénédiction de Viti (Founoroshi);Autel du Nord (partie 1);;;;;;;
La bénédiction de Viti (Tynrils);Autel du Nord (partie 1);;;;;;;
La bénédiction de Viti (Mansot Royal);Autel du Nord (partie 1);;;;;;;
Autel du Nord (partie 2);Autel du Nord (partie 1);;;;;;;
L'ombre et la proie;Extinction des feux;;;;;;;
On recherche Amy l'Empoisonneuse;L'île des naufragés;;;;;;;
La femme perdue;L'île des naufragés;;;;;;;
Tour de passe-passe;Tour de table;;;;;;;
Laboratoire du Tynril;L'île des naufragés;;;;;;;
Tynrils (Intouchable);L'île des naufragés;;;;;;;
Tynrils (Zombie);L'île des naufragés;;;;;;;
Tynrils (Duo);L'île des naufragés;;;;;;;
Tynrils (Spécial);L'île des naufragés;;;;;;;
Questions existentielles;Le réveil de Pandala;;;;;;;
Halte aux singeries;Le réveil de Pandala;;;;;;;
L'équilibre des forces;Le festival de la lanterne;;;;;;;
Sang d'encre;L'équilibre des forces;;;;;;;
Vacances sur glace;La terre banquise;;;;;;;
La marche de l'impératrice;La terre banquise;;;;;;;
Hôtel de glace;La terre banquise;;;;;;;
La fonte des glaces;Hôtel de glace;Bricole Girl;Les monologues du vaccin;;;;;
Adoption éphémère;La fonte des glaces;;;;;;;
L'ombre et la glace;La fonte des glaces;;;;;;;
Lumière sur l'ombre;L'ombre et la glace;;;;;;;
Pêche en eaux gelées;Bricole Girl;;;;;;;
Les chasseurs;Promenons-nous dans les bois;;;;;;;
Excavation du Mansot Royal;La terre banquise;;;;;;;
Mansot Royal (Dernier);La terre banquise;;;;;;;
Mansot Royal (Collant);La terre banquise;;;;;;;
Mansot Royal (Duo);La terre banquise;;;;;;;
Mansot Royal (Spécial);La terre banquise;;;;;;;
Ouvrir 5 Apéwicubes;La terre banquise;;;;;;;
Il est frais mon pichon;Pêche en eaux gelées;;;;;;;
L'essentiel est dans Lac Gelé;Bienvenue à Frigost;Il est frais mon pichon;;;;;;
Malédiction !;L'essentiel est dans Lac Gelé;;;;;;;
Un gros cube, un p'ti cube;Pêche en eaux gelées;;;;;;;
Déphorrestation;Pompe à fric;;;;;;;
Maudite générosité;Un cœur d'or;;;;;;;
Un cœur d'or;Les grandes galeries;;;;;;;
La pelle de la phorrée;Le phormidiable au corps;;;;;;;
Le phormidiable au corps;Phorreurs dans la brume;;;;;;;
Phorreurs dans la brume;La meilleure défense, c'est l'attaque;;;;;;;
Tour de rein;Tour de passe-passe;;;;;;;
Ouvrir un coffre des larmes d'Ouronigride ou du berceau d'Alma;Serre du Royalmouth;Excavation du Mansot Royal;;;;;;
Qu'est-ce qu'on a fait des tuyaux ?;Serre du Royalmouth;Excavation du Mansot Royal;;;;;;
Lâcher les gaz;Qu'est-ce qu'on a fait des tuyaux ?;;;;;;;
Il préfère la mort en mer;Les chasseurs;;;;;;;
Épave du Grolandais violent;Serre du Royalmouth;Excavation du Mansot Royal;;;;;;
Ben le Ripate (Circulez);Serre du Royalmouth;Excavation du Mansot Royal;;;;;;
Ben le Ripate (Statue);Serre du Royalmouth;Excavation du Mansot Royal;;;;;;
Ben le Ripate (Duo);Serre du Royalmouth;Excavation du Mansot Royal;;;;;;
Ben le Ripate (Spécial);Serre du Royalmouth;Excavation du Mansot Royal;;;;;;
Bijoux de famille;Serre du Royalmouth;Excavation du Mansot Royal;;;;;;
Les chasses de Crocodaille Dandi (partie 1);L'île des naufragés;;;;;;;
Tour de main;Tour de rein;;;;;;;
Une blague vaseuse ?;Épave du Grolandais violent;Bricole Girl;;;;;;
Un volcan s'éteint;Épave du Grolandais violent;;;;;;;
Les chasses de Crocodaille Dandi (partie 2);Les chasses de Crocodaille Dandi (partie 1);;;;;;;
Les chasses de Crocodaille Dandi (partie 3);Les chasses de Crocodaille Dandi (partie 2);;;;;;;
Les chasses de Crocodaille Dandi (partie 4);Les chasses de Crocodaille Dandi (partie 3);;;;;;;
Les chasses de Crocodaille Dandi (partie 5);Les chasses de Crocodaille Dandi (partie 4);;;;;;;
Chauffage à moindre frais;Il préfère la mort en mer;Épave du Grolandais violent;;;;;;
À la recherche de Dan Lavy;Chauffage à moindre frais;;;;;;;
Hypogée de l'Obsidiantre;Épave du Grolandais violent;;;;;;;
Obsidiantre (Premier);Hypogée de l'Obsidiantre;;;;;;;
Obsidiantre (Statue);Hypogée de l'Obsidiantre;;;;;;;
Obsidiantre (Duo);Hypogée de l'Obsidiantre;;;;;;;
Obsidiantre (Spécial);Hypogée de l'Obsidiantre;;;;;;;
Art nacre;Épave du Grolandais violent;;;;;;;
Inferno;Hypogée de l'Obsidiantre;À la recherche de Dan Lavy;;;;;;
Le jeu du Chaminou;Puce de luxe;;;;;;;
Maudite disparition;Sang d'encre;Voir le Dark Vlad et mourir… ou pas;;;;;;
Tombe du Shogun Tofugawa;Le réveil de Pandala;;;;;;;
Shogun Tofugawa (Premier);Le réveil de Pandala;;;;;;;
Shogun Tofugawa (Hardi);Le réveil de Pandala;;;;;;;
Shogun Tofugawa (Duo);Le réveil de Pandala;;;;;;;
Shogun Tofugawa (Spécial);Le réveil de Pandala;;;;;;;
Failles spatio-temporelles;Anomalies temporelles;;;;;;;
De fil en aiguille;Aux origines du mal;;;;;;;
Aux origines du mal;Les démons de midi;;;;;;;
Les démons de midi;Prisonniers du temps;;;;;;;
Horologium de XLII;;;;;;;;
XLII (Barbare);Horologium de XLII;;;;;;;
XLII (Collant);Horologium de XLII;;;;;;;
XLII (Duo);Horologium de XLII;;;;;;;
XLII (Spécial);Horologium de XLII;;;;;;;
On recherche Trukipik;Partir un jour sans retour;;;;;;;
Réparer 10 panneaux de la crevasse Perge;Hypogée de l'Obsidiantre;;;;;;;
L'abominable YeCh'Ti;Hypogée de l'Obsidiantre;;;;;;;
Bonmonstres de neige;Hypogée de l'Obsidiantre;;;;;;;
Le convoi, le sage aussi;Hypogée de l'Obsidiantre;;;;;;;
Convoi humanitaire;Hypogée de l'Obsidiantre;Le mal a dit;La fonte des glaces;;;;;
À qui profite le boufmouth;Hypogée de l'Obsidiantre;À la recherche de Dan Lavy;La marche de l'impératrice;;;;;
On recherche le YeCh'Ti;Hypogée de l'Obsidiantre;;;;;;;
Cavernes Givrefoux;Hypogée de l'Obsidiantre;;;;;;;
Tous pour un;Cavernes Givrefoux;;;;;;;
Obscurantisme;Hypogée de l'Obsidiantre;;;;;;;
Et l'emmental ?;Épave du Grolandais violent;;;;;;;
On recherche Jérart Dupaindur;Le réveil de Pandala;Alignement Bonta 1;Alignement Brâkmar 1;;;;;
Tout ce qu'il te faut, c'est tuer;Aujourd'hui à jamais;;;;;;;
On recherche Nono le Wobot;Alignement Bonta 1;Alignement Brâkmar 1;Intrusion chez les wabbits;;;;;
Sécurité routière;Le réveil de Pandala;;;;;;;
Jusqu'à leur dernier soupir;Maudite disparition;Le voleur d'âmes;;;;;;
Requiem pour un Yokai;Jusqu'à leur dernier soupir;;;;;;;
Si loin, si proches;Requiem pour un Yokai;Dîtes-le avec des fleurs;;;;;;
On recherche Sam Sagaz;Alignement Bonta 1;Alignement Brâkmar 1;;;;;;
Le baptême du feu;Champallucination;Trou de mémoire;;;;;;
Passe le fungus autour de toi;Le baptême du feu;;;;;;;
Appui sur le champignon;Passe le fungus autour de toi;;;;;;;
Tour de force;Tour de main;;;;;;;
Contracter 5 fois la Pourriture de Dremoan dans la Forêt Pétrifiée;Cavernes Givrefoux;;;;;;;
Collecte sanglante;Cavernes Givrefoux;;;;;;;
Quête de chasse de Baka Laïve;Cavernes Givrefoux;;;;;;;
Sang dessus-dessous;Convoi humanitaire;Cavernes Givrefoux;;;;;;
Dépôt de ravitaillement;À qui profite le boufmouth;Cavernes Givrefoux;;;;;;
Chaud du S.L.I.P.;À qui profite le boufmouth;Cavernes Givrefoux;;;;;;
Antre du Korriandre;Cavernes Givrefoux;;;;;;;
Monstre aux plantes;Cavernes Givrefoux;;;;;;;
Voleur en tout genre;Antre du Korriandre;;;;;;;
On recherche Bouflouth;La terre banquise;;;;;;;
La morte Adèle;Fanfouille;;;;;;;
Les troupiers;Fanfouille;;;;;;;
Épidémiologie;Un ring pour les gouverner tous;Les troupiers;;;;;;
Tique attaque;Épidémiologie;;;;;;;
Sa Majesté des Nécrotiques;Tique attaque;;;;;;;
L'art me ment;Sa Majesté des Nécrotiques;;;;;;;
Un remède à tous les maux;Sang dessus-dessous;Antre du Korriandre;;;;;;
Cavernes du Kolosso;Antre du Korriandre;;;;;;;
Le travail c'est la santé;Antre du Korriandre;Un ami qui ne vous veut pas que du bien;;;;;;
Un ami qui ne vous veut pas que du bien;Antre du Korriandre;Dépôt de ravitaillement;;;;;;
La transe du crystal;Antre du Korriandre;;;;;;;
Maya la belle;Un ami qui ne vous veut pas que du bien;Cavernes du Kolosso;;;;;;
Écraser 20 vers dans la Ruche des Gloursons;Cavernes du Kolosso;;;;;;;
Mission Solution;Chaud du S.L.I.P.;Chauffage à moindre frais;Malédiction !;Cavernes du Kolosso;;;;
Antichambre du Glourséleste;Cavernes du Kolosso;;;;;;;
Frigost, une île pas comme les autres;L'essentiel est dans Lac Gelé;Cavernes du Kolosso;;;;;;
Développement durable;Récolte dans le Mont Torrideau;;;;;;;
Donjons et trouffions;L'essentiel est dans Lac Gelé;Antichambre du Glourséleste;;;;;;
On recherche le Guerrier du K.O.;Cavernes du Kolosso;;;;;;;
Tour de table;Tour à tour;;;;;;;
On recherche le Sans Visage;Alignement Bonta 72;Alignement Brâkmar 72;;;;;;
L'armée des ombres;Protéger et sévir;;;;;;;
Formation des première année;Protéger et sévir;;;;;;;
Formation des deuxième année;Protéger et sévir;;;;;;;
Formation des troisième année;Protéger et sévir;;;;;;;
Formation des quatrième année;Protéger et sévir;;;;;;;
Formation des cinquième année;Protéger et sévir;;;;;;;
Formation des sixième année;Protéger et sévir;;;;;;;
Formation des septième année;Protéger et sévir;;;;;;;
Formation des huitième année;Protéger et sévir;;;;;;;
Formation des neuvième année;Protéger et sévir;;;;;;;
Formation des dixième année;Protéger et sévir;;;;;;;
Au fion du trou;Donjons et trouffions;;;;;;;
Ne tirez pas sur le messager;Aventure miniature;À plus dans l'muldobus;;;;;;
Frais de porc inclus;À plus dans l'muldobus;;;;;;;
Nos amies les bêtes;À plus dans l'muldobus;;;;;;;
À armes égales;À plus dans l'muldobus;;;;;;;
Il a fui, il a tout compris;Nos amies les bêtes;;;;;;;
La valse des manuels;À plus dans l'muldobus;;;;;;;
On recherche Predagob;À plus dans l'muldobus;;;;;;;
Chassouilleurs;La valse des manuels;;;;;;;
Fight club;La terre banquise;;;;;;;
Le tour de guet;Antichambre du Glourséleste;;;;;;;
Quête de chasse de Darwin Chester;Antichambre du Glourséleste;;;;;;;
Rappel à la vie;Les rescapés du Village Enseveli;Mission Solution;;;;;;
Moteur à explosion;Les rescapés du Village Enseveli;Mission Solution;;;;;;
La fifille à son papa;Les rescapés du Village Enseveli;Mission Solution;;;;;;
Mutinerie chez les Armutins;Les rescapés du Village Enseveli;Mission Solution;;;;;;
Au-delà du mur;Rappel à la vie;Moteur à explosion;La fifille à son papa;Mutinerie chez les Armutins;;;;
On recherche Mekamouth;Le tour de guet;;;;;;;
On recherche Glourdorak;Le tour de guet;;;;;;;
On recherche le Chevalier de Glace;Le tour de guet;;;;;;;
Crise d'ex-Emma;Forgefroide de Missiz Frizz;Transporteur de Sylargh;Salons privés de Klime;Laboratoire de Nileza;;;;
On recherche Culbutœuf;Forgefroide de Missiz Frizz;Transporteur de Sylargh;Salons privés de Klime;Laboratoire de Nileza;Le tour de guet;;;
Pollution, je dis non;Protéger et sévir;;;;;;;
Tour nage;Tour de force;;;;;;;
Le silence est d'or;Déphorrestation;;;;;;;
Espionnage industriel;Malladie;Les grandes galeries;;;;;;
Prise d'otages;Espionnage industriel;;;;;;;
La grève de la fin;Prise d'otages;;;;;;;
Malle des profondeurs;La grève de la fin;;;;;;;
Laissé en plan;Malle des profondeurs;;;;;;;
On ne prête qu'à Richard;Laissé en plan;;;;;;;
Pour quelques kamas de plus;On ne prête qu'à Richard;;;;;;;
Tout ce qui brille n'est pas or;Pour quelques kamas de plus;;;;;;;
Un morceau de roi;Tout ce qui brille n'est pas or;;;;;;;
Prime de lèche-majesté;Un morceau de roi;;;;;;;
Palais du Roi Nidas;Coiffeur de génie;Un morceau de roi;;;;;;
Roi Nidas (Premier);Palais du Roi Nidas;Coiffeur de génie;Un morceau de roi;;;;;
Roi Nidas (Statue);Palais du Roi Nidas;Coiffeur de génie;Un morceau de roi;;;;;
Roi Nidas (Trio);Palais du Roi Nidas;Coiffeur de génie;Un morceau de roi;;;;;
Roi Nidas (Spécial);Palais du Roi Nidas;Coiffeur de génie;Un morceau de roi;;;;;
Énutrofors;Palais du Roi Nidas;Coiffeur de génie;Un morceau de roi;;;;;
Balance la sauce;Les troupiers;;;;;;;
La chapelle noire;Balance la sauce;;;;;;;
Depuis l'enfer;Présumé coupable;;;;;;;
Présumé coupable;La chapelle noire;;;;;;;
Sortir de l'ombre;Courir après des ombres;;;;;;;
La grosse commission;Nécrotiques, tiques, tiques;Viande fraîche;La morte Adèle;Comme un poison dans l'eau;L'art me ment;La pêche au poison;;
Os sitôt dit, aussitôt fait;Comme un poison dans l'eau;;;;;;;
Les sentiers de la perdition;L'art me ment;;;;;;;
La cour des miracles;Bouchées à la reine;;;;;;;
Bouchées à la reine;Un Chafer dans le placard;;;;;;;
Un Chafer dans le placard;Le Bazar du Bizarre;;;;;;;
Le Bazar du Bizarre;Les sentiers de la perdition;;;;;;;
Les sables du temps;Tout ce qu'il te faut, c'est tuer;;;;;;;
La vérité est au fond du puits;L'armée des 12 dingues;;;;;;;
L'armée des 12 dingues;Maboul de cristal;;;;;;;
Maboul de cristal;Juste une illusion;;;;;;;
Juste une illusion;La Vie, l'Hormonde et le Reste;;;;;;;
Demain ne meurt jamais;C'est quoi ton 06 ?;;;;;;;
L'étendue Gödelique;Guerre temporelle;;;;;;;
Guerre temporelle;Futur antérieur;;;;;;;
Futur antérieur;Tout ce qu'il te faut, c'est tuer;Les voleurs de couleurs;Failles spatio-temporelles;;;;;
Déchirures temporelles;Failles spatio-temporelles;;;;;;;
Demain, j'arête;Les sept Mercemers;Mémoires d'un amnésique;;;;;;
L'effet Paula Rice;Demain, j'arête;;;;;;;
Ponctions létales;La terre banquise;;;;;;;
Grand corps malade;La terre banquise;;;;;;;
Qui dit baume;La terre banquise;;;;;;;
Entretien avec une Vampyre;Le trou du culte;;;;;;;
L'arme fatale;La colère des dieux;Antichambre du Glourséleste;;;;;;
Craquements de cœur;La colère des dieux;;;;;;;
La guerre des Marches;La colère des dieux;;;;;;;
Les pierres à feu;La colère des dieux;;;;;;;
Plantes contre Trépamorts;La colère des dieux;;;;;;;
Battre le fer tant qu'il est chaud;La colère des dieux;;;;;;;
La quête sous l'eau;La colère des dieux;Serre du Royalmouth;Excavation du Mansot Royal;;;;;
Algue au rythme;La colère des dieux;Serre du Royalmouth;Excavation du Mansot Royal;;;;;
Au-delà de la Côte;La colère des dieux;Serre du Royalmouth;Excavation du Mansot Royal;;;;;
Aux frontières du réel;Barnabé dans l'espace;Chaque chose en son temps;;;;;;
Ce sera mieux avant;Aux frontières du réel;;;;;;;
Mémoire d'Orukam;Le réveil de Pandala;;;;;;;
Roi Imagami (Hardi);Mémoire d'Orukam;;;;;;;
Roi Imagami (Mains propres);Mémoire d'Orukam;;;;;;;
Roi Imagami (Trio);Mémoire d'Orukam;;;;;;;
Roi Imagami (Spécial);Mémoire d'Orukam;;;;;;;
Yokianzhi de papier;Le réveil de Pandala;Mémoire d'Orukam;;;;;;
Souvenirs d'Imagiro;Le réveil de Pandala;;;;;;;
Reine Amirukam (Prudent);Souvenirs d'Imagiro;;;;;;;
Reine Amirukam (Mains propres);Souvenirs d'Imagiro;;;;;;;
Reine Amirukam (Trio);Souvenirs d'Imagiro;;;;;;;
Reine Amirukam (Spécial);Souvenirs d'Imagiro;;;;;;;
Yokianzhi d'encre;Souvenirs d'Imagiro;Souvenirs d'Imagiro;;;;;;
Les rescapés de Frigost;L'essentiel est dans Lac Gelé;À qui profite le boufmouth;;;;;;
Les rescapés du Village Enseveli;Les rescapés de Frigost;Maya la belle;;;;;;
La vie de château;La dernière carte;;;;;;;
Recrue explosive;Protéger et sévir;;;;;;;
Recrue brigandine;Protéger et sévir;;;;;;;
Recrue assoiffée;Protéger et sévir;;;;;;;
Recrue lugubre;Protéger et sévir;;;;;;;
Recrue emballée;Protéger et sévir;;;;;;;
Recrue princière;Protéger et sévir;;;;;;;
Passer du Cocalane;Antichambre du Glourséleste;;;;;;;
Le jour de la serviette;Antichambre du Glourséleste;;;;;;;
Un string de caractère;Antichambre du Glourséleste;;;;;;;
Voilà où ça nous mène;Antichambre du Glourséleste;;;;;;;
Stage de combat improvisé;Protéger et sévir;On recherche Fouduglen L'écureuil;On recherche les Guman;On recherche Frakacia Leukocytine;On recherche Ogivol Scalarcin;;;
On recherche Degolas;Alignement Bonta 1;Alignement Brâkmar 1;Partir un jour sans retour;;;;;
Plantalas;Bambusaie de Damadrya;Sous le bois de sa colère;;;;;;
Des aliments extraordinaires pour un chacha extraordinaire;Main dans la main (partie 1);;;;;;;
De l'encre spectaculaire;Le réveil de Pandala;;;;;;;
Chasse aux wabbits;Intrusion chez les wabbits;;;;;;;
Plongée dans un bain de sang;Perdu dans le temps;;;;;;;
Elle n'a pas fini d'aimer la viande;Perdu dans le temps;;;;;;;
Le tort tue;Perdu dans le temps;;;;;;;
Œufs dans l'eau;Perdu dans le temps;;;;;;;
Craquements de cœur;La colère des dieux;;;;;;;
Cœur de pierre;La colère des dieux;;;;;;;
Chasseur 20;Chasseur 10;;;;;;;
Chasseur 30;Chasseur 20;;;;;;;
Chasseur 40;Chasseur 30;;;;;;;
Chasseur 50;Chasseur 40;;;;;;;
Chasseur 60;Chasseur 50;;;;;;;
Chasseur 70;Chasseur 60;;;;;;;
Chasseur 80;Chasseur 70;;;;;;;
Chasseur 90;Chasseur 80;;;;;;;
Chasseur 100;Chasseur 90;;;;;;;
Chasseur 110;Chasseur 100;;;;;;;
Chasseur 120;Chasseur 110;;;;;;;
Chasseur 130;Chasseur 120;;;;;;;
Chasseur 140;Chasseur 130;;;;;;;
Chasseur 150;Chasseur 140;;;;;;;
Chasseur 160;Chasseur 150;;;;;;;
Chasseur 170;Chasseur 160;;;;;;;
Chasseur 180;Chasseur 170;;;;;;;
Chasseur 190;Chasseur 180;;;;;;;
Chasseur 200;Chasseur 190;;;;;;;
Paysan 20;Paysan 10;;;;;;;
Paysan 30;Paysan 20;;;;;;;
Paysan 40;Paysan 30;;;;;;;
Paysan 50;Paysan 40;;;;;;;
Paysan 60;Paysan 50;;;;;;;
Paysan 70;Paysan 60;;;;;;;
Paysan 80;Paysan 70;;;;;;;
Paysan 90;Paysan 80;;;;;;;
Paysan 100;Paysan 90;;;;;;;
Paysan 110;Paysan 100;;;;;;;
Paysan 120;Paysan 110;;;;;;;
Paysan 130;Paysan 120;;;;;;;
Paysan 140;Paysan 130;;;;;;;
Paysan 150;Paysan 140;;;;;;;
Paysan 160;Paysan 150;;;;;;;
Paysan 170;Paysan 160;;;;;;;
Paysan 180;Paysan 170;;;;;;;
Paysan 190;Paysan 180;;;;;;;
Paysan 200;Paysan 190;;;;;;;
La danse de la dissonance;Le début de la fin;Le poids de son regard;;;;;;
Descendre aux cendres;La danse de la dissonance;;;;;;;
Un héritage tourmenté (partie 1);Descendre aux cendres;Mort et renouveau;Mineur 10;;;;;
Les totems de Maïmane;Un héritage tourmenté (partie 1);;;;;;;
Un héritage tourmenté (partie 2);Les totems de Maïmane;;;;;;;
Entretemps, une renaissance;Descendre aux cendres;;;;;;;
Le poids de son regard;Le réveil de Pandala;;;;;;;
Démongraphie galopante;Le poids de son regard;;;;;;;
Leçon d'histoire;Le poids de son regard;La loi du plus faible;;;;;;
Le cauchemar du chemin de l'orme;Le poids de son regard;;;;;;;
Au bout du rouleau;Le poids de son regard;;;;;;;
Ancré dans nos âmes;Le poids de son regard;;;;;;;
Ce qui hante les morts;Le poids de son regard;;;;;;;
Soldats d'infortune;Le poids de son regard;;;;;;;
Le Dofus et l'alchimiste;Le nouveau monde;La magicienne des marécages;;;;;;
La raison du plus fort;Le Dofus et l'alchimiste;Attention à la Bête;Protéger et sévir;;;;;
Après lui, le déluge;La raison du plus fort;;;;;;;
Comme un corbac sur sa branche;Après lui, le déluge;;;;;;;
Rester planté là;Comme un corbac sur sa branche;;;;;;;
Pas de fumée sans feu (partie 1);Rester planté là;Un pendule pour guider ses pas;Arrête-la si tu peux;;;;;
Pas de fumée sans feu (partie 2);Pas de fumée sans feu (partie 1);;;;;;;
Quand les esprits s'échauffent;Pas de fumée sans feu (partie 2);Cavernes Givrefoux;;;;;;
Le serment de l'ambre;Quand les esprits s'échauffent;;;;;;;
Les mystères de la forêt;Un pendule pour guider ses pas;;;;;;;
Le mal qui fait bien;Un pendule pour guider ses pas;;;;;;;
Arrête-la si tu peux;Un pendule pour guider ses pas;;;;;;;
On recherche Zatoïshwan;Le réveil de Pandala;;;;;;;
On recherche Bouflouth;La terre banquise;;;;;;;
On recherche Monsieur Pingouin;La terre banquise;;;;;;;
On recherche Katigrou;La terre banquise;;;;;;;
On recherche Fantômayte;Serre du Royalmouth;Excavation du Mansot Royal;;;;;;
On recherche Vengeuse Masquée;Épave du Grolandais violent;;;;;;;
On recherche le YeCh'Ti;Hypogée de l'Obsidiantre;;;;;;;
On recherche Fuji Givrefoux;Hypogée de l'Obsidiantre;;;;;;;
On recherche Dremoan;Cavernes Givrefoux;;;;;;;
On recherche Flasho;Antre du Korriandre;;;;;;;
On recherche Viti Glourson;Cavernes du Kolosso;;;;;;;
On recherche les Guman;Protéger et sévir;;;;;;;
On recherche Amy l'Empoisonneuse;Protéger et sévir;L'île des naufragés;;;;;;
On recherche Gadoo;Protéger et sévir;;;;;;;
On recherche l'Hyperscampe;Protéger et sévir;;;;;;;
La bénédiction de Foluk (Phossile);Il était une foi dans l'Ouest (partie 1);;;;;;;
La bénédiction de Foluk (Kanigroula);Il était une foi dans l'Ouest (partie 1);;;;;;;
La bénédiction de Foluk (Korriandre);Il était une foi dans l'Ouest (partie 1);;;;;;;
Le tour est joué;Tour nage;;;;;;;
Bataille de l'Aurore Pourpre;Le poids de son regard;;;;;;;
L'Éternel Conflit (Zombie);Bataille de l'Aurore Pourpre;;;;;;;
L'Éternel Conflit (Premier);Bataille de l'Aurore Pourpre;;;;;;;
L'Éternel Conflit (Duo);Bataille de l'Aurore Pourpre;;;;;;;
L'Éternel Conflit (Spécial);Bataille de l'Aurore Pourpre;;;;;;;
Malters;Un pendule pour guider ses pas;;;;;;;
Tertre du long sommeil;Un pendule pour guider ses pas;;;;;;;
Hell Mina (Dernier);Un pendule pour guider ses pas;;;;;;;
Hell Mina (Statue);Un pendule pour guider ses pas;;;;;;;
Hell Mina (Duo);Un pendule pour guider ses pas;;;;;;;
Hell Mina (Spécial);Un pendule pour guider ses pas;;;;;;;
Ravageurs;Le poids de son regard;;;;;;;
Distribution de pains zizanesques;Voleurs en série;;;;;;;
Fuji Givrefoux Nourricière (Dernier);Cavernes Givrefoux Nourricières;;;;;;;
Fuji Givrefoux Nourricière (Statue);Cavernes Givrefoux Nourricières;;;;;;;
Fuji Givrefoux Nourricière (Duo);Cavernes Givrefoux Nourricières;;;;;;;
Fuji Givrefoux Nourricière (Spécial);Cavernes Givrefoux Nourricières;;;;;;;
Plongeon et dragon (Dragon Cochon);La magicienne des marécages;;;;;;;
Plongeon et dragon (Chêne Mou);La magicienne des marécages;;;;;;;
Tortues de Moon;Partir un jour sans retour;;;;;;;
Kannibouls;Partir un jour sans retour;;;;;;;
Pirates de Moon;Partir un jour sans retour;;;;;;;
Monstres de la Jungle Interdite;Partir un jour sans retour;;;;;;;
Wabbits;Intrusion chez les wabbits;;;;;;;
Gawde du Wa;Intrusion chez les wabbits;;;;;;;
Wabbits mutants;Intrusion chez les wabbits;;;;;;;
Kwapa;Le réveil de Pandala;;;;;;;
Vallée de la Dame des eaux;Le réveil de Pandala;;;;;;;
Nagate la Dame des eaux (Nomade);Vallée de la Dame des eaux;;;;;;;
Nagate la Dame des eaux (Prudent);Vallée de la Dame des eaux;;;;;;;
Nagate la Dame des eaux (Duo);Vallée de la Dame des eaux;;;;;;;
Nagate la Dame des eaux (Spécial);Vallée de la Dame des eaux;;;;;;;
La voie du guerrier (Tanukouï San);La voie du guerrier (Skeunk);;;;;;;
Tanuki;Le réveil de Pandala;;;;;;;
Kozaru;Le réveil de Pandala;;;;;;;
Dojo du Vent;Le réveil de Pandala;;;;;;;
Armée de Brume;Le réveil de Pandala;;;;;;;
Yokai des Tombeaux;Le réveil de Pandala;;;;;;;
Pirates de l'Arche d'Otomaï;Le Gardien du Pont de la Mort;;;;;;;
Herboricoles;L'île des naufragés;;;;;;;
Silf le Rasboul Majeur (Premier);Goulet du Rasboul;;;;;;;
Silf le Rasboul Majeur (Temps qui court);Goulet du Rasboul;;;;;;;
Silf le Rasboul Majeur (Duo);Goulet du Rasboul;;;;;;;
Silf le Rasboul Majeur (Spécial);Goulet du Rasboul;;;;;;;
Florifaune obscure;L'île des naufragés;;;;;;;
Monstres des Tourbières;Le Gardien du Pont de la Mort;;;;;;;
Zoths;L'île des naufragés;;;;;;;
Bestioles de la Bourgade;La terre banquise;;;;;;;
Boufmouths;La terre banquise;;;;;;;
Royalmouth (Premier);Serre du Royalmouth;;;;;;;
Mansots;La terre banquise;;;;;;;
Faune des Pins Perdus;La terre banquise;;;;;;;
Équipage du Grolandais;Serre du Royalmouth;Excavation du Mansot Royal;;;;;;
Sulfurieux;Épave du Grolandais violent;;;;;;;
Givrefoux;Hypogée de l'Obsidiantre;;;;;;;
Sylvesprits;Cavernes Givrefoux;;;;;;;
Bléros;Antre du Korriandre;;;;;;;
La bénédiction de Thomahon (Sphincter Cell);Autel du Nord (partie 1);;;;;;;
La bénédiction de Thomahon (Ben le Ripate);Autel du Nord (partie 1);;;;;;;
La bénédiction de Thomahon (Kimbo);Autel du Nord (partie 1);;;;;;;
La bénédiction de Thomahon (Obsidiantre);Autel du Nord (partie 1);;;;;;;
Corailleur Magistral (Blitzkrieg);Grotte Hesque;;;;;;;
Comment perdre ses plumes;Taures et détours;;;;;;;
Peuple de l'Arbre;L'île des naufragés;;;;;;;
On recherche Maître Boulet;Alignement Bonta 1;Alignement Brâkmar 1;;;;;;
On recherche Roub'Ignolles;Alignement Bonta 4;Alignement Brâkmar 4;;;;;;
On recherche Bouss Baybe;Alignement Bonta 1;Alignement Brâkmar 1;;;;;;
On recherche Armada l'Invincible;Alignement Bonta 1;Alignement Brâkmar 1;;;;;;
On recherche Dragodindo;Alignement Bonta 1;Alignement Brâkmar 1;;;;;;
On recherche Prince Marchand;Alignement Bonta 1;Alignement Brâkmar 1;;;;;;
On recherche Gobrechaun;Alignement Bonta 1;Alignement Brâkmar 1;;;;;;
On recherche la Vashkiwi;Alignement Bonta 1;Alignement Brâkmar 1;;;;;;
On recherche Darma;Alignement Bonta 54;Alignement Brâkmar 54;;;;;;
On recherche Mogligli;Alignement Bonta 1;Alignement Brâkmar 1;;;;;;
On recherche Glandalf l'Aigri;Alignement Bonta 54;Alignement Brâkmar 54;;;;;;
On recherche Crasper;Alignement Bonta 54;Alignement Brâkmar 54;;;;;;
On recherche Carter le Pillard;Alignement Bonta 72;Alignement Brâkmar 72;;;;;;
On recherche le Fantôme Braïdeur;Ordre Bonta 5;Ordre Brâkmar 5;;;;;;
On recherche le Homard Medali;;;;;;;;
Bijoutier 20;Bijoutier 10;;;;;;;
Bijoutier 30;Bijoutier 20;;;;;;;
Bijoutier 40;Bijoutier 30;;;;;;;
Bijoutier 50;Bijoutier 40;;;;;;;
Bijoutier 60;Bijoutier 50;;;;;;;
Bijoutier 70;Bijoutier 60;;;;;;;
Bijoutier 80;Bijoutier 70;;;;;;;
Bijoutier 90;Bijoutier 80;;;;;;;
Bijoutier 100;Bijoutier 90;;;;;;;
Bijoutier 110;Bijoutier 100;;;;;;;
Bijoutier 120;Bijoutier 110;;;;;;;
Bijoutier 130;Bijoutier 120;;;;;;;
Bijoutier 140;Bijoutier 130;;;;;;;
Bijoutier 150;Bijoutier 140;;;;;;;
Bijoutier 160;Bijoutier 150;;;;;;;
Bijoutier 170;Bijoutier 160;;;;;;;
Bijoutier 180;Bijoutier 170;;;;;;;
Bijoutier 190;Bijoutier 180;;;;;;;
Bijoutier 200;Bijoutier 190;;;;;;;
Alchimiste 20;Alchimiste 10;;;;;;;
Alchimiste 30;Alchimiste 20;;;;;;;
Alchimiste 40;Alchimiste 30;;;;;;;
Alchimiste 50;Alchimiste 40;;;;;;;
Alchimiste 60;Alchimiste 50;;;;;;;
Alchimiste 70;Alchimiste 60;;;;;;;
Alchimiste 80;Alchimiste 70;;;;;;;
Alchimiste 90;Alchimiste 80;;;;;;;
Alchimiste 100;Alchimiste 90;;;;;;;
Alchimiste 110;Alchimiste 100;;;;;;;
Alchimiste 120;Alchimiste 110;;;;;;;
Alchimiste 130;Alchimiste 120;;;;;;;
Alchimiste 140;Alchimiste 130;;;;;;;
Alchimiste 150;Alchimiste 140;;;;;;;
Alchimiste 160;Alchimiste 150;;;;;;;
Alchimiste 170;Alchimiste 160;;;;;;;
Alchimiste 180;Alchimiste 170;;;;;;;
Alchimiste 190;Alchimiste 180;;;;;;;
Alchimiste 200;Alchimiste 190;;;;;;;
Pêcheur 20;Pêcheur 10;;;;;;;
Pêcheur 30;Pêcheur 20;;;;;;;
Pêcheur 40;Pêcheur 30;;;;;;;
Pêcheur 50;Pêcheur 40;;;;;;;
Pêcheur 60;Pêcheur 50;;;;;;;
Pêcheur 70;Pêcheur 60;;;;;;;
Pêcheur 80;Pêcheur 70;;;;;;;
Pêcheur 90;Pêcheur 80;;;;;;;
Pêcheur 100;Pêcheur 90;;;;;;;
Pêcheur 110;Pêcheur 100;;;;;;;
Pêcheur 120;Pêcheur 110;;;;;;;
Pêcheur 130;Pêcheur 120;;;;;;;
Pêcheur 140;Pêcheur 130;;;;;;;
Pêcheur 150;Pêcheur 140;;;;;;;
Pêcheur 160;Pêcheur 150;;;;;;;
Pêcheur 170;Pêcheur 160;;;;;;;
Pêcheur 180;Pêcheur 170;;;;;;;
Pêcheur 190;Pêcheur 180;;;;;;;
Pêcheur 200;Pêcheur 190;;;;;;;
On recherche Buldalazred;;;;;;;;
On recherche Takomako;;;;;;;;
Quelque chose de pourri au royaume d'Amakna;Protéger et sévir;;;;;;;
Guewwe et Paix;;;;;;;;
Où est passée la 7e compagnie ?;;;;;;;;
La colère des dieux;;;;;;;;
Les cœurs livides (partie 1);La colère des dieux;;;;;;;
Les cœurs livides (Bethel Akarna);Craquements de cœur;La guerre des Marches;La quête sous l'eau;;;;;
Les cœurs livides (Solar);Craquements de cœur;La guerre des Marches;La quête sous l'eau;;;;;
Koffrologie;;;;;;;;
Crache Test;;;;;;;;
La quatrième dimension;;;;;;;;
La meilleure défense, c'est l'attaque;;;;;;;;
Les grandes galeries;;;;;;;;
Coiffeur de génie;;;;;;;;
Touchez pas à Grisebigle;;;;;;;;
Échantillonnage;;;;;;;;
Reconnaissance de dette;;;;;;;;
Ça katche ou ça casse;;;;;;;;
Fanfouille;;;;;;;;
La seinoise;;;;;;;;
Un ring pour les gouverner tous;;;;;;;;
Nécrotiques, tiques, tiques;;;;;;;;
La pêche au poison;;;;;;;;
Viande fraîche;;;;;;;;
Comme un poison dans l'eau;;;;;;;;
Faux-semblants;;;;;;;;
Mémoires d'outre-tombe;;;;;;;;
C'est tout simple;;;;;;;;
Courir après des ombres;;;;;;;;
Anomalies temporelles;;;;;;;;
C'est ton destin;;;;;;;;
Les voleurs de couleurs;;;;;;;;
Terminutor : le jugement de la machine;;;;;;;;
La Vie, l'Hormonde et le Reste;;;;;;;;
C'est quoi ton 06 ?;;;;;;;;
Aujourd'hui à jamais;;;;;;;;
Les visiteurs du futur;;;;;;;;
Ça saute aux œufs;;;;;;;;
Puce de luxe;;;;;;;;
Acides animés;;;;;;;;
Pounicheur (Blitzkrieg);Miausolée du Pounicheur;;;;;;;
Sanctuaires de famille;;;;;;;;
GaBuZoMeu;;;;;;;;
Où est Charblie ?;;;;;;;;
La chance aux chanceux;;;;;;;;
Karkass mania;;;;;;;;
Il s'en est fallu d'un poil;;;;;;;;
La campagne hallucinée;Un pendule pour guider ses pas;;;;;;;
Les monologues du vaccin;La terre banquise;;;;;;;
Souvenir, souvenir;La terre banquise;;;;;;;
Un gros cube, un p'ti cube;Pêche en eaux gelées;;;;;;;
Glourmandise;Cavernes du Kolosso;;;;;;;
Terminer 2 quêtes globales de récolte ou d'artisanat sur Frigost;La terre banquise;Chasseur 200;Paysan 200;;;;;
Réparer 10 panneaux de la crevasse Perge;Hypogée de l'Obsidiantre;;;;;;;
Quête de chasse de Darwin Chester;Antichambre du Glourséleste;;;;;;;
Y'a pas écrit la poste;Donjon du Comte;;;;;;;
Frappez, ami, et entrez;Cavernes Givrefoux;;;;;;;
Présence d'esprits (Esprit échaudé);Le réveil de Pandala;;;;;;;
Présence d'esprits (Esprit fermé);Le réveil de Pandala;;;;;;;
Présence d'esprits (Esprit ouvert);Le réveil de Pandala;;;;;;;
Présence d'esprits (Esprit de famille);Le réveil de Pandala;;;;;;;
Présence d'esprits (Esprit endormi);Dîtes-le avec des fleurs;;;;;;;
Présence d'esprits (Esprit fertile);Infâme pourriture;;;;;;;
Présence d'esprits (Esprit d'initiative);Gokwa : Voie du bâton;;;;;;;
Présence d'esprits (Esprit tordu);Le réveil de Pandala;;;;;;;
Présence d'esprits (Esprit critique);Au nom de l'Art;;;;;;;
Présence d'esprits (Esprit chagrin);La jetée des enfants perdus;;;;;;;
Présence d'esprits (Esprit dérangé);Le réveil de Pandala;;;;;;;
Présence d'esprits (Esprit embourbé);Le réveil de Pandala;;;;;;;
Présence d'esprits (Esprit embrumé);Le réveil de Pandala;;;;;;;
Présence d'esprits (Esprit de vengeance);Le réveil de Pandala;;;;;;;
Présence d'esprits (Esprit frappeur);À la croisée des mondes;;;;;;;
Présence d'esprits (Esprit torturé);Le réveil de Pandala;;;;;;;
Présence d'esprits (Esprit sain);Le réveil de Pandala;;;;;;;
Présence d'esprits (Esprit de sacrifice);Le réveil de Pandala;;;;;;;
Présence d'esprits (Esprit mal tourné);Le réveil de Pandala;;;;;;;
Présence d'esprits (Esprit malin);L'équilibre des forces;;;;;;;
Présence d'esprits (Mauvais esprit);Le réveil de Pandala;;;;;;;
Le foux fou Fifoux;Le réveil de Pandala;;;;;;;
Barnabé dans l'espace;;;;;;;;
Le nouveau monde;;;;;;;;
La vengeance de Peggy la Porkass;L'île des naufragés;;;;;;;
Le Chevalier Noir et Rose;Le Gardien du Pont de la Mort;;;;;;;
Intrusion chez les wabbits;;;;;;;;
Art gastronomique;Intrusion chez les wabbits;;;;;;;
Chasse aux wabbits;Intrusion chez les wabbits;;;;;;;
Course polaire;;;;;;;;
Épicerie fine;;;;;;;;
Charger la mule;;;;;;;;
À plus dans l'muldobus;;;;;;;;
Shyriiwook;À plus dans l'muldobus;;;;;;;
Les Dents de la Mère Verumacha;;;;;;;;
Fantômes contre fantômes;;;;;;;;
L'Ascension;;;;;;;;
L'allégorie de la taverne;;;;;;;;
Le trou du culte;Entretien avec une Vampyre;;;;;;;
Mineur 20;Mineur 10;;;;;;;
Mineur 30;Mineur 20;;;;;;;
Mineur 40;Mineur 30;;;;;;;
Mineur 50;Mineur 40;;;;;;;
Mineur 60;Mineur 50;;;;;;;
Mineur 70;Mineur 60;;;;;;;
Mineur 80;Mineur 70;;;;;;;
Mineur 90;Mineur 80;;;;;;;
Mineur 100;Mineur 90;;;;;;;
Mineur 110;Mineur 100;;;;;;;
Mineur 120;Mineur 110;;;;;;;
Mineur 130;Mineur 120;;;;;;;
Mineur 140;Mineur 130;;;;;;;
Mineur 150;Mineur 140;;;;;;;
Mineur 160;Mineur 150;;;;;;;
Mineur 170;Mineur 160;;;;;;;
Mineur 180;Mineur 170;;;;;;;
Mineur 190;Mineur 180;;;;;;;
Mineur 200;Mineur 190;;;;;;;
Tailleur 20;Tailleur 10;;;;;;;
Tailleur 30;Tailleur 20;;;;;;;
Tailleur 40;Tailleur 30;;;;;;;
Tailleur 50;Tailleur 40;;;;;;;
Tailleur 60;Tailleur 50;;;;;;;
Tailleur 70;Tailleur 60;;;;;;;
Tailleur 80;Tailleur 70;;;;;;;
Tailleur 90;Tailleur 80;;;;;;;
Tailleur 100;Tailleur 90;;;;;;;
Tailleur 110;Tailleur 100;;;;;;;
Tailleur 120;Tailleur 110;;;;;;;
Tailleur 130;Tailleur 120;;;;;;;
Tailleur 140;Tailleur 130;;;;;;;
Tailleur 150;Tailleur 140;;;;;;;
Tailleur 160;Tailleur 150;;;;;;;
Tailleur 170;Tailleur 160;;;;;;;
Tailleur 180;Tailleur 170;;;;;;;
Tailleur 190;Tailleur 180;;;;;;;
Tailleur 200;Tailleur 190;;;;;;;
Cordonnier 20;Cordonnier 10;;;;;;;
Cordonnier 30;Cordonnier 20;;;;;;;
Cordonnier 40;Cordonnier 30;;;;;;;
Cordonnier 50;Cordonnier 40;;;;;;;
Cordonnier 60;Cordonnier 50;;;;;;;
Cordonnier 70;Cordonnier 60;;;;;;;
Cordonnier 80;Cordonnier 70;;;;;;;
Cordonnier 90;Cordonnier 80;;;;;;;
Cordonnier 100;Cordonnier 90;;;;;;;
Cordonnier 110;Cordonnier 100;;;;;;;
Cordonnier 120;Cordonnier 110;;;;;;;
Cordonnier 130;Cordonnier 120;;;;;;;
Cordonnier 140;Cordonnier 130;;;;;;;
Cordonnier 150;Cordonnier 140;;;;;;;
Cordonnier 160;Cordonnier 150;;;;;;;
Cordonnier 170;Cordonnier 160;;;;;;;
Cordonnier 180;Cordonnier 170;;;;;;;
Cordonnier 190;Cordonnier 180;;;;;;;
Cordonnier 200;Cordonnier 190;;;;;;;
Sculpteur 20;Sculpteur 10;;;;;;;
Sculpteur 30;Sculpteur 20;;;;;;;
Sculpteur 40;Sculpteur 30;;;;;;;
Sculpteur 50;Sculpteur 40;;;;;;;
Sculpteur 60;Sculpteur 50;;;;;;;
Sculpteur 70;Sculpteur 60;;;;;;;
Sculpteur 80;Sculpteur 70;;;;;;;
Sculpteur 90;Sculpteur 80;;;;;;;
Sculpteur 100;Sculpteur 90;;;;;;;
Sculpteur 110;Sculpteur 100;;;;;;;
Sculpteur 120;Sculpteur 110;;;;;;;
Sculpteur 130;Sculpteur 120;;;;;;;
Sculpteur 140;Sculpteur 130;;;;;;;
Sculpteur 150;Sculpteur 140;;;;;;;
Sculpteur 160;Sculpteur 150;;;;;;;
Sculpteur 170;Sculpteur 160;;;;;;;
Sculpteur 180;Sculpteur 170;;;;;;;
Sculpteur 190;Sculpteur 180;;;;;;;
Sculpteur 200;Sculpteur 190;;;;;;;
Bricoleur 20;Bricoleur 10;;;;;;;
Bricoleur 30;Bricoleur 20;;;;;;;
Bricoleur 40;Bricoleur 30;;;;;;;
Bricoleur 50;Bricoleur 40;;;;;;;
Bricoleur 60;Bricoleur 50;;;;;;;
Bricoleur 70;Bricoleur 60;;;;;;;
Bricoleur 80;Bricoleur 70;;;;;;;
Bricoleur 90;Bricoleur 80;;;;;;;
Bricoleur 100;Bricoleur 90;;;;;;;
Bricoleur 110;Bricoleur 100;;;;;;;
Bricoleur 120;Bricoleur 110;;;;;;;
Bricoleur 130;Bricoleur 120;;;;;;;
Bricoleur 140;Bricoleur 130;;;;;;;
Bricoleur 150;Bricoleur 140;;;;;;;
Bricoleur 160;Bricoleur 150;;;;;;;
Bricoleur 170;Bricoleur 160;;;;;;;
Bricoleur 180;Bricoleur 170;;;;;;;
Bricoleur 190;Bricoleur 180;;;;;;;
Bricoleur 200;Bricoleur 190;;;;;;;
Bûcheron 20;Bûcheron 10;;;;;;;
Bûcheron 30;Bûcheron 20;;;;;;;
Bûcheron 40;Bûcheron 30;;;;;;;
Bûcheron 50;Bûcheron 40;;;;;;;
Bûcheron 60;Bûcheron 50;;;;;;;
Bûcheron 70;Bûcheron 60;;;;;;;
Bûcheron 80;Bûcheron 70;;;;;;;
Bûcheron 90;Bûcheron 80;;;;;;;
Bûcheron 100;Bûcheron 90;;;;;;;
Bûcheron 110;Bûcheron 100;;;;;;;
Bûcheron 120;Bûcheron 110;;;;;;;
Bûcheron 130;Bûcheron 120;;;;;;;
Bûcheron 140;Bûcheron 130;;;;;;;
Bûcheron 150;Bûcheron 140;;;;;;;
Bûcheron 160;Bûcheron 150;;;;;;;
Bûcheron 170;Bûcheron 160;;;;;;;
Bûcheron 180;Bûcheron 170;;;;;;;
Bûcheron 190;Bûcheron 180;;;;;;;
Bûcheron 200;Bûcheron 190;;;;;;;
Forgeron 20;Forgeron 10;;;;;;;
Forgeron 30;Forgeron 20;;;;;;;
Forgeron 40;Forgeron 30;;;;;;;
Forgeron 50;Forgeron 40;;;;;;;
Forgeron 60;Forgeron 50;;;;;;;
Forgeron 70;Forgeron 60;;;;;;;
Forgeron 80;Forgeron 70;;;;;;;
Forgeron 90;Forgeron 80;;;;;;;
Forgeron 100;Forgeron 90;;;;;;;
Forgeron 110;Forgeron 100;;;;;;;
Forgeron 120;Forgeron 110;;;;;;;
Forgeron 130;Forgeron 120;;;;;;;
Forgeron 140;Forgeron 130;;;;;;;
Forgeron 150;Forgeron 140;;;;;;;
Forgeron 160;Forgeron 150;;;;;;;
Forgeron 170;Forgeron 160;;;;;;;
Forgeron 180;Forgeron 170;;;;;;;
Forgeron 190;Forgeron 180;;;;;;;
Forgeron 200;Forgeron 190;;;;;;;
Colonie de vaillance;Dis, scierie ?;;;;;;;
Dans la gueule du trankilou;Colonie de vaillance;;;;;;;
Association de fureteurs;Dans la gueule du trankilou;;;;;;;
La complote des P.O.M.S;Association de fureteurs;;;;;;;
Un événement inattendu;La complote des P.O.M.S;;;;;;;
L'île maudite;Un événement inattendu;;;;;;;
Chercher un Marteau-Aigri dans une galerie d'Ereboria;L'île maudite;;;;;;;
La fin des maningances;Chercher un Marteau-Aigri dans une galerie d'Ereboria;;;;;;;
La sorcière exilée;La fin des maningances;;;;;;;
La graine de la révolte;La sorcière exilée;Ça sent le gaz;Jusqu'à leur dernier soupir;;;;;
Par l'héritage qui vous lie;La graine de la révolte;;;;;;;
Une dernière volonté;Par l'héritage qui vous lie;Deux souffles, une inspiration (Mémoire d'Orukam);Deux souffles, une inspiration (Souvenirs d'Imagiro);;;;;
Pour que la flamme vacille;La sorcière exilée;;;;;;;
L'heure des adieux;Une dernière volonté;Pour que la flamme vacille;;;;;;
Caverne de Cire Momore;Pour que la flamme vacille;;;;;;;
Les derniers d'entre nous;L'art de la langue de bois;Comme un corbac sur sa branche;;;;;;
Cultures et turpitudes;Gobstination d'un grobelin;Par ce serment s'écrit le monde;;;;;;
Qui nous protège du Protecteur ?;Cultures et turpitudes;Mort et renouveau;Les totems de Maïmane;Le dragon des vents;Dîtes-le avec des fleurs;Pas de fumée sans feu;Le givre des révélations;Le travail c'est la santé
Folvoraison;Qui nous protège du Protecteur ?;;;;;;;
